date,temperature_2m,precipitation,snowfall,snow_depth,soil_temperature_0_to_7cm,wind_speed_10m,surface_pressure,cloud_cover,relative_humidity_2m,weather_code
2025-05-09 07:00:00+00:00,10.5035,0.0,0.0,0.0,11.7535,6.7205353,1016.45654,100.0,63.21857,3.0
2025-05-09 08:00:00+00:00,9.953501,0.0,0.0,0.0,11.0535,5.5216303,1016.64105,100.0,68.16334,3.0
2025-05-09 09:00:00+00:00,9.6035,0.0,0.0,0.0,10.453501,5.2478566,1016.53284,100.0,72.76644,3.0
2025-05-09 10:00:00+00:00,8.8035,0.0,0.0,0.0,9.8035,4.510787,1016.41284,100.0,78.959045,3.0
2025-05-09 11:00:00+00:00,8.3535,0.0,0.0,0.0,9.153501,4.1125174,1016.302,100.0,81.1179,3.0
2025-05-09 12:00:00+00:00,8.0535,0.0,0.0,0.0,8.5535,3.3092597,1016.1951,92.0,81.927704,3.0
2025-05-09 13:00:00+00:00,7.4535,0.0,0.0,0.0,7.6035,3.362677,1016.3781,100.0,82.42267,3.0
2025-05-09 14:00:00+00:00,8.953501,0.0,0.0,0.0,8.0035,4.2136917,1016.41693,100.0,77.89273,3.0
2025-05-09 15:00:00+00:00,9.6035,0.0,0.0,0.0,9.3035,3.3092597,1016.53284,100.0,76.1275,3.0
2025-05-09 16:00:00+00:00,10.903501,0.0,0.0,0.0,11.153501,2.52,1016.36743,100.0,71.5094,3.0
2025-05-09 17:00:00+00:00,12.403501,0.0,0.0,0.0,13.403501,4.198285,1016.10706,80.0,65.214554,3.0
2025-05-09 18:00:00+00:00,14.153501,0.0,0.0,0.0,15.703501,5.318383,1015.65424,100.0,56.988266,3.0
2025-05-09 19:00:00+00:00,15.9035,0.0,0.0,0.0,18.0035,5.5567255,1015.20074,100.0,49.357437,3.0
2025-05-09 20:00:00+00:00,17.053501,0.0,0.0,0.0,19.803501,7.44121,1014.53357,100.0,43.845932,3.0
2025-05-09 21:00:00+00:00,18.1035,0.0,0.0,0.0,21.3535,8.37532,1014.0625,100.0,38.12383,3.0
2025-05-09 22:00:00+00:00,18.8535,0.0,0.0,0.0,22.4035,8.225035,1013.58405,100.0,34.011936,3.0
2025-05-09 23:00:00+00:00,19.1035,0.0,0.0,0.0,22.7535,9.505977,1013.0936,100.0,31.744812,3.0
2025-05-10 00:00:00+00:00,18.9535,0.0,0.0,0.0,22.6035,11.39842,1012.5932,100.0,32.043194,3.0
2025-05-10 01:00:00+00:00,18.553501,0.0,0.0,0.0,22.0035,13.504799,1012.1864,100.0,31.813728,3.0
2025-05-10 02:00:00+00:00,16.303501,0.0,0.0,0.0,20.553501,15.158522,1011.8342,100.0,38.00506,3.0
2025-05-10 03:00:00+00:00,14.8535,0.0,0.0,0.0,18.9035,13.767352,1011.79865,100.0,47.04356,3.0
2025-05-10 04:00:00+00:00,14.0035,0.0,0.0,0.0,17.3535,12.043869,1011.7781,100.0,50.937557,3.0
2025-05-10 05:00:00+00:00,13.153501,0.0,0.0,0.0,16.0035,11.35285,1011.9554,100.0,51.06453,3.0
2025-05-10 06:00:00+00:00,12.653501,0.0,0.0,0.0,14.8535,9.6228485,1011.5458,100.0,53.135452,3.0
2025-05-10 07:00:00+00:00,12.0535,0.0,0.0,0.0,13.8535,8.149847,1011.23303,100.0,58.061287,3.0
2025-05-10 08:00:00+00:00,11.8035,0.0,0.0,0.0,13.203501,7.458606,1010.7302,100.0,60.490913,3.0
2025-05-10 09:00:00+00:00,11.3535,0.0,0.0,0.0,12.6035,4.724786,1010.32153,100.0,64.30591,3.0
2025-05-10 10:00:00+00:00,10.653501,0.0,0.0,0.0,12.0035,2.9522195,1009.90704,100.0,73.97353,3.0
2025-05-10 11:00:00+00:00,10.6035,0.0,0.0,0.0,11.5035,2.0991426,1009.80646,100.0,76.2924,3.0
2025-05-10 12:00:00+00:00,10.403501,0.0,0.0,0.0,11.1035,1.609969,1009.70215,100.0,77.58206,3.0
2025-05-10 13:00:00+00:00,10.0535,0.0,0.0,0.0,10.6035,3.319036,1009.296,100.0,75.41638,3.0
2025-05-10 14:00:00+00:00,10.453501,0.0,0.0,0.0,10.7535,3.189608,1009.604,100.0,70.438896,3.0
2025-05-10 15:00:00+00:00,11.0535,0.0,0.0,0.0,11.453501,1.6199999,1009.6192,100.0,67.44887,3.0
2025-05-10 16:00:00+00:00,12.1035,0.0,0.0,0.0,12.8035,0.71999997,1009.3476,100.0,62.92808,3.0
2025-05-10 17:00:00+00:00,13.0535,0.0,0.0,0.0,14.5035,2.8460495,1009.4703,100.0,59.74759,3.0
2025-05-10 18:00:00+00:00,14.203501,0.0,0.0,0.0,16.2035,4.1125174,1009.49884,100.0,54.11054,3.0
2025-05-10 19:00:00+00:00,15.403501,0.0,0.0,0.0,17.6035,5.4119864,1009.42896,100.0,45.25015,3.0
2025-05-10 20:00:00+00:00,16.6035,0.0,0.0,0.0,18.6535,10.163227,1009.1602,100.0,38.91387,3.0
2025-05-10 21:00:00+00:00,15.5035,0.0,0.0,0.0,18.303501,16.563911,1009.33234,100.0,40.86244,3.0
2025-05-10 22:00:00+00:00,13.653501,0.0,0.0,0.0,17.3535,17.10284,1009.7832,100.0,44.43153,3.0
2025-05-10 23:00:00+00:00,12.653501,0.2,0.0,0.0,16.6035,13.350371,1009.5598,100.0,50.567684,51.0
2025-05-11 00:00:00+00:00,13.903501,0.0,0.0,0.0,16.803501,15.070633,1008.7965,100.0,48.460728,3.0
2025-05-11 01:00:00+00:00,16.4035,0.0,0.0,0.0,18.1035,15.367616,1008.26166,100.0,37.629337,3.0
2025-05-11 02:00:00+00:00,16.1535,0.0,0.0,0.0,17.7535,14.2336645,1007.75916,86.0,40.76119,3.0
2025-05-11 03:00:00+00:00,15.3035,0.0,0.0,0.0,16.9035,12.168319,1007.3411,82.0,48.003464,3.0
2025-05-11 04:00:00+00:00,14.5535,0.0,0.0,0.0,15.953501,10.8029995,1007.2235,83.0,51.98668,3.0
2025-05-11 05:00:00+00:00,13.6035,0.0,0.0,0.0,15.1035,10.546525,1007.2,96.0,56.848614,3.0
2025-05-11 06:00:00+00:00,12.7535,0.0,0.0,0.0,14.403501,8.6193495,1006.4842,91.0,60.72014,3.0
2025-05-11 07:00:00+00:00,11.7535,0.0,0.0,0.0,13.6035,6.59154,1005.8634,100.0,65.52344,3.0
2025-05-11 08:00:00+00:00,11.453501,0.0,0.0,0.0,13.0535,5.7176566,1005.45874,99.0,67.767555,3.0
2025-05-11 09:00:00+00:00,11.153501,0.0,0.0,0.0,12.6035,7.2,1005.15356,100.0,71.80411,3.0
2025-05-11 10:00:00+00:00,11.0535,0.0,0.0,0.0,12.3035,11.132385,1004.8531,100.0,76.62796,3.0
2025-05-11 11:00:00+00:00,11.0035,0.0,0.0,0.0,12.1035,12.093534,1004.7526,100.0,78.20845,3.0
2025-05-11 12:00:00+00:00,10.8035,0.0,0.0,0.0,11.903501,11.755254,1004.35034,100.0,79.52553,3.0
2025-05-11 13:00:00+00:00,10.703501,0.0,0.0,0.0,11.5035,9.3962755,1004.05,100.0,77.62895,3.0
2025-05-11 14:00:00+00:00,10.703501,0.0,0.0,0.0,11.403501,8.2584505,1003.6528,100.0,77.8954,3.0
2025-05-11 15:00:00+00:00,11.0035,0.0,0.0,0.0,11.703501,7.072878,1003.3625,100.0,76.3579,3.0
2025-05-11 16:00:00+00:00,11.703501,0.0,0.0,0.0,12.453501,5.7628117,1002.98267,100.0,72.402725,3.0
2025-05-11 17:00:00+00:00,13.5035,0.0,0.0,0.0,14.5535,6.1437774,1002.53076,100.0,61.745567,3.0
2025-05-11 18:00:00+00:00,13.5035,0.0,0.0,0.0,15.153501,6.7469993,1002.1336,100.0,59.650566,3.0
2025-05-11 19:00:00+00:00,14.3535,0.0,0.0,0.0,16.3535,9.47012,1002.05505,100.0,53.587986,3.0
2025-05-11 20:00:00+00:00,13.8535,0.5,0.0,0.0,16.6035,10.464798,1001.8442,100.0,57.90677,53.0
2025-05-11 21:00:00+00:00,13.3035,0.6,0.0,0.0,16.2535,10.837435,1001.4334,59.0,64.079865,53.0
2025-05-11 22:00:00+00:00,15.6535,0.0,0.0,0.0,17.553501,10.601679,1000.5969,95.0,51.207516,3.0
2025-05-11 23:00:00+00:00,13.453501,1.6,0.0,0.0,17.6035,16.616642,1000.74207,100.0,67.03043,61.0
2025-05-12 00:00:00+00:00,12.2535,0.4,0.0,0.0,16.4535,6.7205353,1000.7126,100.0,72.257286,51.0
2025-05-12 01:00:00+00:00,13.5035,0.2,0.0,0.0,17.053501,11.542478,1000.6441,100.0,63.033543,51.0
2025-05-12 02:00:00+00:00,12.653501,0.0,0.0,0.0,16.2035,11.391313,1000.7223,99.0,68.72052,3.0
2025-05-12 03:00:00+00:00,12.0535,0.0,0.0,0.0,15.203501,8.287822,1000.90625,90.0,71.97347,3.0
2025-05-12 04:00:00+00:00,11.703501,0.0,0.0,0.0,14.2535,7.6367526,1001.3939,100.0,77.25697,3.0
2025-05-12 05:00:00+00:00,11.403501,0.0,0.0,0.0,13.453501,9.195868,1001.38635,75.0,77.20959,2.0
2025-05-12 06:00:00+00:00,11.0035,0.0,0.0,0.0,12.8035,8.967541,1001.07874,48.0,77.67571,1.0
2025-05-12 07:00:00+00:00,10.703501,0.0,0.0,0.0,12.203501,6.601363,1000.7733,9.0,81.99008,0.0
2025-05-12 08:00:00+00:00,9.703501,0.0,0.0,0.0,11.453501,3.0652893,1000.64886,32.0,88.85461,1.0
2025-05-12 09:00:00+00:00,9.6035,0.0,0.0,0.0,10.5535,0.742159,1000.64636,97.0,87.94345,3.0
2025-05-12 10:00:00+00:00,9.453501,0.0,0.0,0.0,9.953501,1.26,1000.54333,94.0,88.23032,3.0
2025-05-12 11:00:00+00:00,9.0535,0.0,0.0,0.0,9.453501,2.4216523,1000.6325,61.0,89.409004,2.0
2025-05-12 12:00:00+00:00,9.0535,0.0,0.0,0.0,9.0035,4.278551,1000.6325,28.0,89.71477,1.0
2025-05-12 13:00:00+00:00,9.5535,0.0,0.0,0.0,9.7535,3.6,1000.94293,83.0,89.14495,3.0
2025-05-12 14:00:00+00:00,10.153501,0.0,0.0,0.0,10.0035,5.5450516,1001.4546,100.0,86.21802,3.0
2025-05-12 15:00:00+00:00,10.8035,0.0,0.0,0.0,10.7535,7.0934615,1001.3715,84.0,80.8936,3.0
2025-05-12 16:00:00+00:00,12.153501,0.1,0.0,0.0,12.153501,9.5416975,1001.4052,100.0,68.61834,51.0
2025-05-12 17:00:00+00:00,13.0535,0.3,0.0,0.0,13.8035,9.6480665,1001.5264,100.0,60.58197,51.0
2025-05-12 18:00:00+00:00,13.3035,0.3,0.0,0.0,14.8535,9.299225,1001.7313,65.0,62.340034,51.0
2025-05-12 19:00:00+00:00,14.1035,0.1,0.0,0.0,16.053501,9.605998,1001.8502,37.0,57.969296,51.0
2025-05-12 20:00:00+00:00,15.1035,0.0,0.0,0.0,17.3535,10.365251,1001.97394,13.0,52.315746,0.0
2025-05-12 21:00:00+00:00,15.953501,0.0,0.0,0.0,18.7535,11.35285,1001.89514,4.0,47.352043,0.0
2025-05-12 22:00:00+00:00,16.553501,0.0,0.0,0.0,19.9535,10.404249,1002.0089,2.0,43.09432,0.0
2025-05-12 23:00:00+00:00,16.9035,0.0,0.0,0.0,20.7535,10.248941,1002.01733,2.0,42.14741,0.0
2025-05-13 00:00:00+00:00,17.1035,0.0,0.0,0.0,21.0035,10.662626,1002.2207,12.0,41.47093,0.0
2025-05-13 01:00:00+00:00,17.3535,0.0,0.0,0.0,20.8535,8.0599,1002.3259,13.0,36.84529,0.0
2025-05-13 02:00:00+00:00,17.053501,0.0,0.0,0.0,20.1035,5.6492476,1002.418,6.0,38.223606,0.0
2025-05-13 03:00:00+00:00,15.703501,0.0,0.0,0.0,18.7035,3.644722,1003.0807,6.0,47.947258,0.0
2025-05-13 04:00:00+00:00,13.8035,0.0,0.0,0.0,16.9035,2.995797,1003.829,10.0,63.10243,0.0
2025-05-13 05:00:00+00:00,13.0035,0.0,0.0,0.0,15.3535,1.6981165,1004.4049,11.0,67.39502,0.0
2025-05-13 06:00:00+00:00,12.6035,0.0,0.0,0.0,14.1035,6.6624317,1004.79236,2.0,70.13549,0.0
2025-05-13 07:00:00+00:00,11.7535,0.0,0.0,0.0,13.203501,9.430695,1005.0691,100.0,79.12384,3.0
2025-05-13 08:00:00+00:00,10.7535,0.0,0.0,0.0,12.5035,11.230904,1005.9378,99.0,85.98719,3.0
2025-05-13 09:00:00+00:00,10.0535,0.0,0.0,0.0,11.8535,11.345713,1006.51587,32.0,88.28285,1.0
2025-05-13 10:00:00+00:00,9.453501,0.0,0.0,0.0,11.3035,12.503199,1006.8978,99.0,90.66592,3.0
2025-05-13 11:00:00+00:00,9.1035,0.0,0.0,0.0,10.903501,11.767651,1007.4848,100.0,91.57206,3.0
2025-05-13 12:00:00+00:00,8.903501,0.0,0.0,0.0,10.653501,13.619471,1008.07513,100.0,92.499916,3.0
2025-05-13 13:00:00+00:00,9.3535,0.0,0.0,0.0,11.5535,14.861722,1008.08685,100.0,89.12866,3.0
2025-05-13 14:00:00+00:00,9.653501,0.0,0.0,0.0,11.403501,14.465102,1008.69025,100.0,86.16717,3.0
2025-05-13 15:00:00+00:00,10.203501,0.0,0.0,0.0,11.5035,14.64209,1009.20056,100.0,82.205894,3.0
2025-05-13 16:00:00+00:00,11.1035,0.0,0.0,0.0,12.0535,14.584443,1009.6205,100.0,76.37423,3.0
2025-05-13 17:00:00+00:00,12.403501,0.0,0.0,0.0,13.1035,12.081473,1009.6528,99.0,69.37956,3.0
2025-05-13 18:00:00+00:00,13.5035,0.0,0.0,0.0,14.3535,9.693296,1009.68036,99.0,64.124916,3.0
2025-05-13 19:00:00+00:00,14.8535,0.0,0.0,0.0,15.953501,8.163749,1009.61395,97.0,59.162285,3.0
2025-05-13 20:00:00+00:00,15.7535,0.0,0.0,0.0,17.2035,8.65873,1009.3383,98.0,55.6506,3.0
2025-05-13 21:00:00+00:00,16.4035,0.0,0.0,0.0,18.2035,9.983106,1009.2547,100.0,53.57333,3.0
2025-05-13 22:00:00+00:00,17.1035,0.0,0.0,0.0,18.9535,10.950452,1009.1723,97.0,51.245316,3.0
2025-05-13 23:00:00+00:00,17.3535,0.0,0.0,0.0,19.303501,10.711135,1009.0789,98.0,51.31245,3.0
2025-05-14 00:00:00+00:00,17.553501,0.0,0.0,0.0,19.4035,9.984729,1008.6865,90.0,52.428055,3.0
2025-05-14 01:00:00+00:00,15.2535,0.0,0.0,0.0,18.2035,14.81259,1010.02106,99.0,62.154705,3.0
2025-05-14 02:00:00+00:00,14.8035,0.0,0.0,0.0,17.5035,13.954354,1010.0103,92.0,63.546574,3.0
2025-05-14 03:00:00+00:00,14.153501,0.0,0.0,0.0,16.553501,13.638489,1010.0934,56.0,66.27143,2.0
2025-05-14 04:00:00+00:00,13.5035,0.0,0.0,0.0,15.5535,12.882267,1010.1769,61.0,68.65921,2.0
2025-05-14 05:00:00+00:00,12.7535,0.0,0.0,0.0,14.703501,15.027575,1010.25757,86.0,73.09149,3.0
2025-05-14 06:00:00+00:00,11.8535,0.0,0.0,0.0,13.903501,14.761098,1010.3342,100.0,78.60368,3.0
2025-05-14 07:00:00+00:00,11.3535,0.0,0.0,0.0,13.2535,14.4415655,1010.42084,99.0,79.33457,3.0
2025-05-14 08:00:00+00:00,10.903501,0.0,0.0,0.0,12.703501,14.813682,1010.6084,100.0,78.46094,3.0
2025-05-14 09:00:00+00:00,10.403501,0.0,0.0,0.0,12.203501,14.221139,1010.59576,100.0,78.65462,3.0
2025-05-14 10:00:00+00:00,10.3035,0.0,0.0,0.0,11.8535,13.339445,1010.49384,100.0,78.639595,3.0
2025-05-14 11:00:00+00:00,10.3035,0.1,0.0,0.0,11.653501,12.241323,1010.49384,100.0,81.1024,51.0
2025-05-14 12:00:00+00:00,10.203501,0.2,0.0,0.0,11.453501,10.132897,1010.5906,100.0,84.19334,51.0
2025-05-14 13:00:00+00:00,9.903501,0.3,0.0,0.0,11.5535,12.472065,1010.6824,100.0,85.607155,51.0
2025-05-14 14:00:00+00:00,9.8535,0.2,0.0,0.0,11.3035,12.96125,1011.0782,100.0,85.89427,51.0
2025-05-14 15:00:00+00:00,10.0535,0.1,0.0,0.0,11.2535,11.334285,1011.2818,100.0,85.0416,51.0
2025-05-14 16:00:00+00:00,10.453501,0.0,0.0,0.0,11.453501,7.7650757,1011.58984,100.0,83.0831,3.0
2025-05-14 17:00:00+00:00,10.8535,0.0,0.0,0.0,11.8535,5.8603754,1011.69934,100.0,80.900406,3.0
2025-05-14 18:00:00+00:00,11.403501,0.0,0.0,0.0,12.6035,6.1305785,1011.91156,100.0,77.47333,3.0
2025-05-14 19:00:00+00:00,11.8035,0.0,0.0,0.0,13.203501,5.5567255,1012.21967,100.0,75.45297,3.0
2025-05-14 20:00:00+00:00,12.0035,0.0,0.0,0.0,13.703501,4.3536186,1012.22473,100.0,74.97423,3.0
2025-05-14 21:00:00+00:00,12.403501,0.0,0.0,0.0,14.3535,3.7585104,1012.4331,100.0,71.548836,3.0
2025-05-14 22:00:00+00:00,13.7535,0.0,0.0,0.0,15.7535,2.1068459,1012.3675,94.0,63.525047,3.0
2025-05-14 23:00:00+00:00,15.5535,0.0,0.0,0.0,17.303501,2.0523157,1012.114,57.0,53.165657,2.0
2025-05-15 00:00:00+00:00,16.053501,0.0,0.0,0.0,17.5035,5.232399,1011.7289,100.0,45.753853,3.0
2025-05-15 01:00:00+00:00,15.7535,0.0,0.0,0.0,16.2535,11.1090765,1011.9202,78.0,43.627846,2.0
2025-05-15 02:00:00+00:00,14.2535,0.0,0.0,0.0,15.9035,7.3997297,1012.28064,73.0,50.472263,2.0
2025-05-15 03:00:00+00:00,13.153501,0.0,0.0,0.0,15.1035,3.244996,1012.4519,100.0,61.450344,3.0
2025-05-15 04:00:00+00:00,12.203501,0.0,0.0,0.0,14.153501,0.9,1013.02423,100.0,71.26671,3.0
2025-05-15 05:00:00+00:00,11.6035,0.0,0.0,0.0,13.2535,5.004518,1013.5054,100.0,64.13885,3.0
2025-05-15 06:00:00+00:00,10.8535,0.0,0.0,0.0,12.453501,7.3094187,1013.68524,100.0,67.64146,3.0
2025-05-15 07:00:00+00:00,10.5535,0.0,0.0,0.0,11.953501,9.801326,1013.67755,100.0,69.486595,3.0
2025-05-15 08:00:00+00:00,10.203501,0.0,0.0,0.0,11.5035,9.449572,1013.76794,100.0,71.623795,3.0
2025-05-15 09:00:00+00:00,9.653501,0.0,0.0,0.0,11.0535,9.224011,1013.95264,97.0,72.270546,3.0
2025-05-15 10:00:00+00:00,8.903501,0.0,0.0,0.0,10.453501,6.830519,1014.1318,100.0,78.42778,3.0
2025-05-15 11:00:00+00:00,8.453501,0.0,0.0,0.0,9.7535,6.698806,1014.2196,59.0,82.264496,2.0
2025-05-15 12:00:00+00:00,8.153501,0.0,0.0,0.0,9.2535,7.6579366,1014.2119,100.0,83.955055,3.0
2025-05-15 13:00:00+00:00,8.453501,0.0,0.0,0.0,9.903501,9.499158,1013.82245,99.0,80.01227,3.0
2025-05-15 14:00:00+00:00,8.8535,0.0,0.0,0.0,9.903501,12.015589,1013.8325,100.0,77.0689,3.0
2025-05-15 15:00:00+00:00,9.703501,0.0,0.0,0.0,10.5535,12.785069,1013.75525,100.0,72.78491,3.0
2025-05-15 16:00:00+00:00,11.1035,0.0,0.0,0.0,11.8535,12.849528,1013.79083,100.0,64.69946,3.0
2025-05-15 17:00:00+00:00,12.203501,0.0,0.0,0.0,13.2535,12.43434,1013.5207,100.0,58.9183,3.0
2025-05-15 18:00:00+00:00,12.653501,0.0,0.0,0.0,14.1035,11.672275,1013.43243,100.0,56.014046,3.0
2025-05-15 19:00:00+00:00,13.0535,0.0,0.0,0.0,14.5535,12.320471,1013.2437,100.0,52.49815,3.0
2025-05-15 20:00:00+00:00,13.0035,0.0,0.0,0.0,14.903501,14.8257065,1013.44104,100.0,54.363136,3.0
2025-05-15 21:00:00+00:00,12.5035,0.0,0.0,0.0,15.0035,15.130711,1013.528,100.0,56.96553,3.0
2025-05-15 22:00:00+00:00,12.153501,0.1,0.0,0.0,14.8035,12.85205,1013.61865,100.0,58.29034,51.0
2025-05-15 23:00:00+00:00,12.1035,0.1,0.0,0.0,14.653501,11.414043,1013.6173,100.0,58.893482,51.0
2025-05-16 00:00:00+00:00,11.953501,0.1,0.0,0.0,14.403501,10.934166,1013.31573,100.0,57.83269,51.0
2025-05-16 01:00:00+00:00,10.8035,0.5,0.0,0.0,13.403501,13.619471,1013.28674,100.0,72.987,53.0
2025-05-16 02:00:00+00:00,10.153501,0.6,0.0,0.0,12.5535,14.897651,1013.0717,100.0,77.54286,53.0
2025-05-16 03:00:00+00:00,9.653501,0.4,0.0,0.0,11.8035,12.303366,1012.7611,100.0,81.0144,51.0
2025-05-16 04:00:00+00:00,9.453501,0.2,0.0,0.0,11.203501,10.182337,1012.756,100.0,83.81884,51.0
2025-05-16 05:00:00+00:00,9.3535,0.1,0.0,0.0,10.8035,10.441552,1012.7534,100.0,85.842255,51.0
2025-05-16 06:00:00+00:00,9.3535,0.1,0.0,0.0,10.5035,10.495713,1012.7534,100.0,87.02472,51.0
2025-05-16 07:00:00+00:00,9.3535,0.1,0.0,0.0,10.3035,11.901798,1012.6542,100.0,87.92097,51.0
2025-05-16 08:00:00+00:00,9.3035,0.0,0.0,0.0,10.153501,12.108261,1012.5535,100.0,89.12458,3.0
2025-05-16 09:00:00+00:00,9.3035,0.0,0.0,0.0,10.0535,10.823973,1012.4543,100.0,87.61671,3.0
2025-05-16 10:00:00+00:00,9.2535,0.2,0.0,0.0,9.953501,10.694485,1012.35376,100.0,86.42165,51.0
2025-05-16 11:00:00+00:00,9.203501,0.2,0.0,0.0,9.8535,10.08,1012.2532,100.0,85.826584,51.0
2025-05-16 12:00:00+00:00,9.3035,0.1,0.0,0.0,9.7535,10.823973,1012.05707,100.0,85.25094,51.0
2025-05-16 13:00:00+00:00,9.3535,0.2,0.0,0.0,9.953501,10.4166975,1011.66125,100.0,86.72775,51.0
2025-05-16 14:00:00+00:00,9.5035,0.1,0.0,0.0,9.953501,10.182337,1011.5658,100.0,86.15187,51.0
2025-05-16 15:00:00+00:00,9.8035,0.1,0.0,0.0,10.153501,11.34,1011.67267,100.0,83.57361,51.0
2025-05-16 16:00:00+00:00,10.1035,0.1,0.0,0.0,10.403501,12.800265,1011.581,86.0,83.040276,51.0
2025-05-16 17:00:00+00:00,11.403501,0.1,0.0,0.0,11.2535,14.414617,1011.5144,100.0,75.12812,51.0
2025-05-16 18:00:00+00:00,11.953501,0.1,0.0,0.0,12.1035,15.885956,1011.4291,100.0,73.44658,51.0
2025-05-16 19:00:00+00:00,11.903501,0.0,0.0,0.0,12.5535,14.4415655,1011.1299,100.0,74.19394,3.0
2025-05-16 20:00:00+00:00,12.403501,0.1,0.0,0.0,13.1035,13.976394,1010.9436,100.0,71.548836,51.0
2025-05-16 21:00:00+00:00,13.403501,0.0,0.0,0.0,14.0035,14.332341,1010.4722,100.0,67.47895,3.0
2025-05-16 22:00:00+00:00,13.453501,0.0,0.0,0.0,14.2535,14.05845,1009.9769,100.0,67.03043,3.0
2025-05-16 23:00:00+00:00,13.3535,0.0,0.0,0.0,14.5035,13.262714,1009.6766,100.0,70.52164,3.0
2025-05-17 00:00:00+00:00,13.153501,0.5,0.0,0.0,14.5035,10.874741,1008.97644,100.0,75.93418,53.0
2025-05-17 01:00:00+00:00,14.1035,0.2,0.0,0.0,14.5535,9.5196,1008.10614,100.0,71.626595,51.0
2025-05-17 02:00:00+00:00,13.3535,0.3,0.0,0.0,14.153501,5.920878,1007.49194,100.0,78.82634,51.0
2025-05-17 03:00:00+00:00,12.903501,0.1,0.0,0.0,13.6035,5.04,1006.8851,100.0,83.65756,51.0
2025-05-17 04:00:00+00:00,12.3535,0.1,0.0,0.0,12.903501,5.5450516,1006.57336,100.0,86.15021,51.0
2025-05-17 05:00:00+00:00,12.203501,0.1,0.0,0.0,12.453501,5.7204895,1006.27203,100.0,87.87981,51.0
2025-05-17 06:00:00+00:00,11.8035,0.1,0.0,0.0,12.0535,6.989936,1005.66614,100.0,90.22545,51.0
2025-05-17 07:00:00+00:00,11.453501,0.2,0.0,0.0,11.703501,6.489992,1005.2602,100.0,91.1097,51.0
2025-05-17 08:00:00+00:00,10.703501,0.2,0.0,0.0,11.3035,4.0449967,1005.2415,100.0,93.538864,51.0
2025-05-17 09:00:00+00:00,10.703501,0.5,0.0,0.0,11.0535,3.244996,1005.0429,100.0,93.22571,53.0
2025-05-17 10:00:00+00:00,10.5535,1.0,0.0,0.0,10.703501,2.8460495,1004.7412,100.0,92.28299,55.0
2025-05-17 11:00:00+00:00,10.7535,0.3,0.0,0.0,10.5535,1.2979984,1004.74634,100.0,91.06272,51.0
2025-05-17 12:00:00+00:00,10.703501,0.3,0.0,0.0,10.6035,1.4399999,1004.54645,100.0,92.91346,51.0
2025-05-17 13:00:00+00:00,11.0035,3.3,0.0,0.0,11.5535,4.379589,1004.15686,99.0,97.05223,63.0
2025-05-17 14:00:00+00:00,11.3035,0.4,0.0,0.0,11.5035,2.5582807,1004.0648,16.0,93.256584,51.0
2025-05-17 15:00:00+00:00,12.0035,0.0,0.0,0.0,11.8535,5.904439,1004.1817,88.0,91.146355,3.0
2025-05-17 16:00:00+00:00,12.7535,0.1,0.0,0.0,12.5035,8.305396,1004.4982,89.0,88.51502,51.0
2025-05-17 17:00:00+00:00,12.1035,1.2,0.0,0.0,12.453501,9.847496,1004.48206,95.0,89.647964,55.0
2025-05-17 18:00:00+00:00,12.403501,0.2,0.0,0.0,12.6035,4.7110505,1004.6879,98.0,86.73264,51.0
2025-05-17 19:00:00+00:00,13.703501,0.1,0.0,0.0,14.203501,4.14,1004.72015,100.0,83.75099,51.0
2025-05-17 20:00:00+00:00,12.3535,0.6,0.0,0.0,13.953501,11.481968,1004.7861,92.0,85.290215,53.0
2025-05-17 21:00:00+00:00,13.3035,0.2,0.0,0.0,14.5535,13.248049,1005.2068,97.0,80.15012,51.0
2025-05-17 22:00:00+00:00,12.653501,0.0,0.0,0.0,14.3535,15.589497,1005.19073,99.0,80.0593,3.0
2025-05-17 23:00:00+00:00,12.703501,0.6,0.0,0.0,14.5535,16.466803,1005.58923,95.0,77.67561,53.0
2025-05-18 00:00:00+00:00,12.5035,0.6,0.0,0.0,14.2535,10.435344,1005.88214,100.0,78.70057,53.0
2025-05-18 01:00:00+00:00,12.8035,0.1,0.0,0.0,14.203501,11.666721,1006.3861,61.0,80.08031,51.0
2025-05-18 02:00:00+00:00,11.3035,0.3,0.0,0.0,13.7535,11.113451,1006.6464,68.0,85.465294,51.0
2025-05-18 03:00:00+00:00,10.903501,0.2,0.0,0.0,13.0035,13.666967,1007.1332,70.0,87.467316,51.0
2025-05-18 04:00:00+00:00,10.3035,0.5,0.0,0.0,12.2535,15.108211,1007.7137,96.0,88.6041,53.0
2025-05-18 05:00:00+00:00,10.153501,0.1,0.0,0.0,11.6035,17.902534,1008.0078,44.0,87.69469,51.0
2025-05-18 06:00:00+00:00,9.903501,0.2,0.0,0.0,11.153501,16.336426,1008.5972,92.0,89.78034,51.0
2025-05-18 07:00:00+00:00,9.653501,0.0,0.0,0.0,10.8035,13.036026,1009.1867,92.0,90.680016,3.0
2025-05-18 08:00:00+00:00,9.1035,0.1,0.0,0.0,10.403501,11.132385,1009.272,89.0,91.26083,51.0
2025-05-18 09:00:00+00:00,8.703501,0.0,0.0,0.0,10.0035,9.913082,1009.55945,60.0,86.366264,2.0
2025-05-18 10:00:00+00:00,8.403501,0.1,0.0,0.0,9.653501,11.793777,1009.75037,54.0,83.40542,51.0
2025-05-18 11:00:00+00:00,8.0035,0.5,0.0,0.0,9.3035,14.275713,1009.8395,51.0,85.10914,53.0
2025-05-18 12:00:00+00:00,7.6035,0.0,0.0,0.0,8.953501,14.584443,1010.02765,49.0,87.45857,1.0
2025-05-18 13:00:00+00:00,7.9535003,0.0,0.0,0.0,9.6035,9.796366,1010.23535,33.0,83.93153,1.0
2025-05-18 14:00:00+00:00,8.203501,0.1,0.0,0.0,9.453501,10.196647,1010.7382,33.0,81.3799,51.0
2025-05-18 15:00:00+00:00,8.953501,0.0,0.0,0.0,9.953501,9.335737,1011.2539,20.0,76.28459,1.0
2025-05-18 16:00:00+00:00,10.1035,0.0,0.0,0.0,11.0535,6.269067,1011.6803,10.0,71.85397,0.0
2025-05-18 17:00:00+00:00,11.403501,0.0,0.0,0.0,12.6035,6.156947,1011.91156,22.0,66.59281,1.0
2025-05-18 18:00:00+00:00,12.6035,0.0,0.0,0.0,14.153501,5.22,1012.1403,22.0,60.68406,1.0
2025-05-18 19:00:00+00:00,13.453501,0.1,0.0,0.0,15.803501,0.17999999,1012.06226,19.0,55.829567,51.0
2025-05-18 20:00:00+00:00,14.0535,0.1,0.0,0.0,17.2535,2.657668,1012.0769,23.0,50.59483,51.0
2025-05-18 21:00:00+00:00,14.953501,0.0,0.0,0.0,18.303501,2.9301877,1012.0992,35.0,46.741657,1.0
2025-05-18 22:00:00+00:00,15.3035,0.0,0.0,0.0,18.9035,4.991553,1012.207,37.0,45.06261,1.0
2025-05-18 23:00:00+00:00,15.5535,0.0,0.0,0.0,18.803501,8.55142,1012.3127,24.0,44.65965,1.0
2025-05-19 00:00:00+00:00,15.403501,0.0,0.0,0.0,18.303501,7.5942073,1012.2095,37.0,45.891388,1.0
2025-05-19 01:00:00+00:00,14.203501,0.0,0.0,0.0,16.7035,8.825508,1012.6765,67.0,51.3505,2.0
2025-05-19 02:00:00+00:00,13.6035,0.0,0.0,0.0,15.8535,9.087772,1012.76086,88.0,58.448814,3.0
2025-05-19 03:00:00+00:00,12.703501,0.0,0.0,0.0,14.8535,7.841888,1012.93726,62.0,67.10121,2.0
2025-05-19 04:00:00+00:00,11.3535,0.0,0.0,0.0,13.6035,2.7059932,1012.9032,34.0,76.938675,1.0
2025-05-19 05:00:00+00:00,10.5535,0.0,0.0,0.0,12.403501,2.1068459,1013.37964,88.0,78.139694,3.0
2025-05-19 06:00:00+00:00,10.6035,0.0,0.0,0.0,11.453501,7.79215,1012.9838,100.0,72.698784,3.0
2025-05-19 07:00:00+00:00,9.8535,0.0,0.0,0.0,10.8535,10.873252,1012.1704,100.0,75.38245,3.0
2025-05-19 08:00:00+00:00,9.403501,0.0,0.0,0.0,10.453501,11.91948,1011.76184,100.0,81.259796,3.0
2025-05-19 09:00:00+00:00,9.203501,0.0,0.0,0.0,10.153501,10.8672905,1011.0617,99.0,84.07774,3.0
2025-05-19 10:00:00+00:00,9.3035,0.0,0.0,0.0,9.953501,11.282711,1010.17065,100.0,82.65705,3.0
2025-05-19 11:00:00+00:00,9.403501,0.0,0.0,0.0,9.8035,11.19189,1009.4782,100.0,82.1031,3.0
2025-05-19 12:00:00+00:00,9.3035,4.0,0.0,0.0,9.703501,12.599998,1008.8798,100.0,84.37843,63.0
2025-05-19 13:00:00+00:00,9.8035,1.4,0.0,0.0,10.1035,11.9140415,1007.8996,100.0,81.59298,61.0
2025-05-19 14:00:00+00:00,9.3035,1.5,0.0,0.0,9.953501,8.297589,1008.2841,100.0,89.42889,61.0
2025-05-19 15:00:00+00:00,9.2535,0.8,0.0,0.0,9.8535,13.356437,1007.78644,100.0,88.21273,53.0
2025-05-19 16:00:00+00:00,9.903501,0.2,0.0,0.0,9.953501,14.668619,1008.0015,100.0,86.192635,51.0
2025-05-19 17:00:00+00:00,11.203501,0.0,0.0,0.0,10.403501,17.294992,1007.93475,47.0,86.03332,1.0
2025-05-19 18:00:00+00:00,13.453501,0.1,0.0,0.0,11.953501,24.670507,1008.2889,36.0,76.23942,51.0
2025-05-19 19:00:00+00:00,14.403501,0.1,0.0,0.0,13.403501,24.419706,1008.80884,63.0,63.672558,51.0
2025-05-19 20:00:00+00:00,14.403501,0.0,0.0,0.0,14.453501,26.310186,1009.1067,99.0,60.90514,3.0
2025-05-19 21:00:00+00:00,13.3535,0.0,0.0,0.0,14.5535,25.965584,1009.5773,100.0,67.23853,3.0
2025-05-19 22:00:00+00:00,13.0535,0.0,0.0,0.0,14.3035,23.584808,1009.8675,99.0,70.46331,3.0
2025-05-19 23:00:00+00:00,13.453501,0.0,0.0,0.0,14.153501,22.66857,1010.17554,62.0,67.48941,2.0
2025-05-20 00:00:00+00:00,13.703501,0.0,0.0,0.0,14.3035,24.265308,1010.281,59.0,65.27693,2.0
2025-05-20 01:00:00+00:00,13.153501,0.0,0.0,0.0,14.403501,24.89277,1010.86316,43.0,66.51,1.0
2025-05-20 02:00:00+00:00,12.653501,0.0,0.0,0.0,13.953501,24.75638,1010.94995,20.0,67.78492,1.0
2025-05-20 03:00:00+00:00,11.5535,0.0,0.0,0.0,13.153501,24.552025,1011.12103,92.0,72.873276,3.0
2025-05-20 04:00:00+00:00,10.703501,0.0,0.0,0.0,12.3535,22.62708,1011.29834,26.0,78.16264,1.0
2025-05-20 05:00:00+00:00,10.203501,0.0,0.0,0.0,11.6035,22.945587,1011.68286,74.0,81.088905,2.0
2025-05-20 06:00:00+00:00,10.1035,0.2,0.0,0.0,11.1035,21.900904,1011.7796,96.0,83.89516,51.0
2025-05-20 07:00:00+00:00,9.8535,0.1,0.0,0.0,10.8035,21.794127,1011.8725,36.0,86.187546,51.0
2025-05-20 08:00:00+00:00,9.5535,0.0,0.0,0.0,10.403501,20.256998,1012.262,41.0,86.74738,1.0
2025-05-20 09:00:00+00:00,9.3535,0.0,0.0,0.0,10.0535,19.3104,1012.5549,26.0,85.54886,1.0
2025-05-20 10:00:00+00:00,9.203501,0.0,0.0,0.0,9.7535,18.392616,1012.8489,34.0,84.65716,1.0
2025-05-20 11:00:00+00:00,9.0035,0.0,0.0,0.0,9.5035,17.791796,1013.241,21.0,85.80567,1.0
2025-05-20 12:00:00+00:00,8.903501,0.0,0.0,0.0,9.403501,18.11215,1013.536,26.0,86.683426,1.0
2025-05-20 13:00:00+00:00,8.953501,0.0,0.0,0.0,9.8035,17.845436,1013.53754,10.0,86.98613,0.0
2025-05-20 14:00:00+00:00,9.203501,0.0,0.0,0.0,9.8035,19.580328,1013.8418,12.0,85.240105,0.0
2025-05-20 15:00:00+00:00,10.2535,0.0,0.0,0.0,10.3035,21.806759,1014.4643,34.0,77.2922,1.0
2025-05-20 16:00:00+00:00,11.1035,0.0,0.0,0.0,11.1035,20.160805,1014.88306,41.0,73.79917,1.0
2025-05-20 17:00:00+00:00,11.903501,0.0,0.0,0.0,12.1035,19.930477,1014.80383,29.0,71.699265,1.0
2025-05-20 18:00:00+00:00,12.8035,0.0,0.0,0.0,13.2535,20.067375,1014.8264,56.0,68.04885,2.0
2025-05-20 19:00:00+00:00,13.6035,0.0,0.0,0.0,14.2535,20.256998,1014.8461,16.0,63.927914,0.0
2025-05-20 20:00:00+00:00,14.8035,0.0,0.0,0.0,15.403501,21.976223,1014.67755,30.0,58.54444,1.0
2025-05-20 21:00:00+00:00,14.653501,0.0,0.0,0.0,16.303501,19.357325,1014.7731,23.0,58.30659,1.0
2025-05-20 22:00:00+00:00,14.7535,0.0,0.0,0.0,16.8535,23.834202,1014.8749,32.0,54.632053,1.0
2025-05-20 23:00:00+00:00,15.2535,0.0,0.0,0.0,16.7035,21.416975,1014.98627,29.0,54.19844,1.0
2025-05-21 00:00:00+00:00,14.8535,0.0,0.0,0.0,16.6535,19.484116,1014.877,46.0,56.773,1.0
2025-05-21 01:00:00+00:00,14.403501,0.0,0.0,0.0,15.953501,19.969458,1015.56134,38.0,55.68711,1.0
2025-05-21 02:00:00+00:00,13.653501,0.0,0.0,0.0,15.2535,16.341381,1015.5426,39.0,60.1008,1.0
2025-05-21 03:00:00+00:00,12.653501,0.0,0.0,0.0,14.3035,10.587918,1015.7163,21.0,66.402596,1.0
2025-05-21 04:00:00+00:00,11.0535,0.0,0.0,0.0,13.1035,5.414979,1016.2719,51.0,75.585106,2.0
2025-05-21 05:00:00+00:00,10.203501,0.1,0.0,0.0,12.0535,0.76367533,1016.94525,55.0,82.205894,51.0
2025-05-21 06:00:00+00:00,9.8535,0.4,0.0,0.0,11.3535,2.7059932,1017.0357,95.0,84.44105,51.0
2025-05-21 07:00:00+00:00,9.1035,0.9,0.0,0.0,10.8035,3.06,1017.513,97.0,87.59826,53.0
2025-05-21 08:00:00+00:00,9.5535,0.1,0.0,0.0,10.5535,4.1556225,1017.9215,100.0,90.36554,51.0
2025-05-21 09:00:00+00:00,9.203501,0.0,0.0,0.0,10.3035,6.122647,1018.11127,100.0,91.267456,3.0
2025-05-21 10:00:00+00:00,8.953501,0.0,0.0,0.0,10.1035,7.2,1017.9062,100.0,93.134415,3.0
2025-05-21 11:00:00+00:00,8.8035,0.0,0.0,0.0,9.903501,6.542201,1018.10077,100.0,93.1265,3.0
2025-05-21 12:00:00+00:00,8.7535,0.1,0.0,0.0,9.8035,4.6938252,1018.0994,93.0,92.49131,51.0
2025-05-21 13:00:00+00:00,8.8035,0.8,0.0,0.0,10.5035,3.5455887,1017.9021,99.0,91.240875,53.0
2025-05-21 14:00:00+00:00,8.903501,0.8,0.0,0.0,10.2535,4.91634,1017.90466,100.0,90.62698,53.0
2025-05-21 15:00:00+00:00,9.403501,0.2,0.0,0.0,10.403501,4.669604,1017.81854,98.0,90.971085,51.0
2025-05-21 16:00:00+00:00,10.1035,0.0,0.0,0.0,10.953501,1.7727944,1018.035,88.0,87.98823,3.0
2025-05-21 17:00:00+00:00,11.0535,0.0,0.0,0.0,12.203501,2.1674871,1017.7613,46.0,84.290634,1.0
2025-05-21 18:00:00+00:00,12.153501,0.1,0.0,0.0,13.8535,4.3573384,1017.19336,46.0,75.51173,51.0
2025-05-21 19:00:00+00:00,13.0535,0.1,0.0,0.0,15.2535,4.669604,1016.6198,46.0,67.40553,51.0
2025-05-21 20:00:00+00:00,14.0035,0.0,0.0,0.0,16.4035,5.4477882,1015.75006,72.0,63.364746,2.0
2025-05-21 21:00:00+00:00,14.6035,0.0,0.0,0.0,16.9035,4.952453,1015.26825,100.0,58.898434,3.0
2025-05-21 22:00:00+00:00,14.8535,0.0,0.0,0.0,17.5035,8.161764,1014.4798,80.0,60.183754,3.0
2025-05-21 23:00:00+00:00,14.953501,0.0,0.0,0.0,17.7535,11.334285,1013.9859,91.0,58.38093,3.0
2025-05-22 00:00:00+00:00,15.0035,0.0,0.0,0.0,17.6035,12.5032,1013.0934,45.0,53.945984,1.0
2025-05-22 01:00:00+00:00,15.2535,0.0,0.0,0.0,17.1535,8.909545,1012.3051,84.0,51.455532,3.0
2025-05-22 02:00:00+00:00,14.453501,0.0,0.0,0.0,16.3535,11.892265,1011.6895,100.0,53.61444,3.0
2025-05-22 03:00:00+00:00,12.953501,0.0,0.0,0.0,15.1035,11.701385,1011.15625,100.0,63.124275,3.0
2025-05-22 04:00:00+00:00,11.7535,0.0,0.0,0.0,13.8035,11.7,1011.0268,100.0,66.89912,3.0
2025-05-22 05:00:00+00:00,11.0035,0.0,0.0,0.0,12.703501,11.521406,1010.71027,100.0,69.33658,3.0
2025-05-22 06:00:00+00:00,10.3035,0.0,0.0,0.0,11.8035,12.0720825,1010.39453,100.0,70.164925,3.0
2025-05-22 07:00:00+00:00,9.8535,0.0,0.0,0.0,11.1035,9.67657,1010.18463,100.0,71.80655,3.0
2025-05-22 08:00:00+00:00,9.8035,0.0,0.0,0.0,10.703501,8.905908,1010.084,99.0,74.8535,3.0
2025-05-22 09:00:00+00:00,9.5035,0.0,0.0,0.0,10.203501,6.6818557,1010.0764,84.0,78.24808,3.0
2025-05-22 10:00:00+00:00,9.0535,0.0,0.0,0.0,9.703501,4.143911,1010.26355,98.0,81.21267,3.0
2025-05-22 11:00:00+00:00,9.453501,0.0,0.0,0.0,9.6035,3.710795,1010.27374,100.0,82.10955,3.0
2025-05-22 12:00:00+00:00,9.3035,0.0,0.0,0.0,9.5035,1.9469976,1010.4685,100.0,84.95922,3.0
2025-05-22 13:00:00+00:00,9.5535,0.0,0.0,0.0,10.0535,3.693291,1010.6734,100.0,86.45173,3.0
2025-05-22 14:00:00+00:00,9.903501,0.0,0.0,0.0,10.153501,4.0249224,1010.7817,99.0,84.73551,3.0
2025-05-22 15:00:00+00:00,10.5535,0.0,0.0,0.0,10.8035,3.8773184,1010.89734,36.0,82.81289,1.0
2025-05-22 16:00:00+00:00,11.7535,0.0,0.0,0.0,12.153501,4.2481523,1011.32465,7.0,79.12384,0.0
2025-05-22 17:00:00+00:00,13.0035,0.0,0.0,0.0,14.0035,4.965521,1011.25653,7.0,74.134415,0.0
2025-05-22 18:00:00+00:00,14.0535,0.0,0.0,0.0,15.8535,5.2478566,1011.2825,0.0,69.47295,0.0
2025-05-22 19:00:00+00:00,14.953501,0.0,0.0,0.0,17.4035,4.863332,1011.10614,1.0,60.002354,0.0
2025-05-22 20:00:00+00:00,15.703501,0.0,0.0,0.0,18.9035,1.8089776,1011.22375,1.0,56.212856,0.0
2025-05-22 21:00:00+00:00,16.4035,0.0,0.0,0.0,20.2035,1.9881649,1011.1416,13.0,55.248398,0.0
2025-05-22 22:00:00+00:00,16.9035,0.0,0.0,0.0,20.8535,5.509882,1011.1537,27.0,54.07215,1.0
2025-05-22 23:00:00+00:00,17.1535,0.0,0.0,0.0,20.6035,7.970972,1010.961,29.0,52.501015,1.0
2025-05-23 00:00:00+00:00,17.4035,0.0,0.0,0.0,20.2035,9.0,1010.7685,20.0,51.677868,1.0
2025-05-23 01:00:00+00:00,17.2035,0.0,0.0,0.0,19.803501,9.0018,1011.06165,23.0,48.86559,1.0
2025-05-23 02:00:00+00:00,16.2035,0.0,0.0,0.0,18.6035,10.7714615,1011.13654,82.0,53.33734,3.0
2025-05-23 03:00:00+00:00,14.653501,0.0,0.0,0.0,17.2035,11.304229,1011.3967,78.0,63.2967,2.0
2025-05-23 04:00:00+00:00,13.0035,0.0,0.0,0.0,15.7535,10.266314,1011.6537,44.0,70.93484,1.0
2025-05-23 05:00:00+00:00,11.8535,0.0,0.0,0.0,14.403501,6.6185193,1012.1215,89.0,76.496254,3.0
2025-05-23 06:00:00+00:00,10.903501,0.0,0.0,0.0,13.203501,3.148714,1012.6936,100.0,81.45987,3.0
2025-05-23 07:00:00+00:00,11.0535,0.0,0.0,0.0,12.403501,6.6624317,1012.8959,99.0,79.83316,3.0
2025-05-23 08:00:00+00:00,10.703501,0.0,0.0,0.0,11.8035,8.107996,1012.9863,97.0,81.15627,3.0
2025-05-23 09:00:00+00:00,10.6035,0.0,0.0,0.0,11.403501,5.1544156,1012.7852,74.0,78.68461,2.0
2025-05-23 10:00:00+00:00,9.653501,0.0,0.0,0.0,10.7535,3.5864744,1012.66187,24.0,80.73629,1.0
2025-05-23 11:00:00+00:00,8.953501,0.0,0.0,0.0,10.0535,3.644722,1012.7433,2.0,83.18468,0.0
2025-05-23 12:00:00+00:00,9.0035,0.0,0.0,0.0,9.653501,4.4274144,1012.74457,16.0,84.34413,0.0
2025-05-23 13:00:00+00:00,9.8035,0.0,0.0,0.0,10.8535,0.25455844,1012.76483,35.0,84.14724,1.0
2025-05-23 14:00:00+00:00,9.953501,0.0,0.0,0.0,11.153501,2.7059932,1013.0665,77.0,83.87759,2.0
2025-05-23 15:00:00+00:00,10.3035,0.0,0.0,0.0,11.7535,1.2074767,1013.17474,99.0,83.06475,3.0
2025-05-23 16:00:00+00:00,11.3035,0.0,0.0,0.0,12.903501,2.1068459,1013.39844,100.0,79.5976,3.0
2025-05-23 17:00:00+00:00,12.0535,0.1,0.0,0.0,13.953501,5.937272,1013.219,100.0,74.22021,51.0
2025-05-23 18:00:00+00:00,13.0035,0.0,0.0,0.0,15.1035,5.7176566,1013.5404,50.0,68.79177,2.0
2025-05-23 19:00:00+00:00,14.203501,0.0,0.0,0.0,16.3535,5.0911684,1013.37164,99.0,60.233643,3.0
2025-05-23 20:00:00+00:00,15.3535,0.0,0.0,0.0,17.4535,3.381893,1013.10205,98.0,53.6661,3.0
2025-05-23 21:00:00+00:00,16.1035,0.0,0.0,0.0,18.6035,3.244996,1012.62384,91.0,50.275578,3.0
2025-05-23 22:00:00+00:00,16.7535,0.0,0.0,0.0,19.8535,3.4388947,1012.3419,99.0,48.741776,3.0
2025-05-23 23:00:00+00:00,16.9535,0.0,0.0,0.0,20.5035,6.130579,1012.1481,100.0,49.304283,3.0
2025-05-24 00:00:00+00:00,17.303501,0.0,0.0,0.0,20.4535,6.8989563,1011.9577,100.0,47.399532,3.0
2025-05-24 01:00:00+00:00,16.8535,0.0,0.0,0.0,19.803501,13.084402,1011.4504,100.0,49.789097,3.0
2025-05-24 02:00:00+00:00,14.703501,0.0,0.0,0.0,18.553501,16.036171,1011.39795,100.0,67.521255,3.0
2025-05-24 03:00:00+00:00,13.3035,0.0,0.0,0.0,17.053501,14.799459,1011.85986,96.0,70.511925,3.0
2025-05-24 04:00:00+00:00,11.903501,0.0,0.0,0.0,15.5035,14.417988,1012.3215,100.0,70.72233,3.0
2025-05-24 05:00:00+00:00,11.3035,0.0,0.0,0.0,14.203501,11.701385,1012.6041,100.0,68.68088,3.0
2025-05-24 06:00:00+00:00,10.8035,0.0,0.0,0.0,13.0535,7.9220443,1012.691,99.0,68.81669,3.0
2025-05-24 07:00:00+00:00,10.203501,0.0,0.0,0.0,12.153501,5.48631,1012.4772,96.0,72.62484,3.0
2025-05-24 08:00:00+00:00,9.703501,0.0,0.0,0.0,11.3535,3.9640884,1012.26587,71.0,76.14405,2.0
2025-05-24 09:00:00+00:00,9.203501,0.0,0.0,0.0,10.653501,3.0758414,1012.2532,100.0,77.93157,3.0
2025-05-24 10:00:00+00:00,9.203501,0.0,0.0,0.0,10.1035,3.462369,1011.9553,100.0,78.74558,3.0
2025-05-24 11:00:00+00:00,9.0535,0.0,0.0,0.0,9.703501,3.5455887,1011.75287,100.0,80.93264,3.0
2025-05-24 12:00:00+00:00,8.8535,0.0,0.0,0.0,9.3535,3.3043609,1011.5489,100.0,83.17245,3.0
2025-05-24 13:00:00+00:00,9.153501,0.0,0.0,0.0,9.453501,5.0432134,1011.7555,100.0,81.7884,3.0
2025-05-24 14:00:00+00:00,9.653501,0.0,0.0,0.0,9.8535,5.7599998,1011.66895,23.0,80.73629,1.0
2025-05-24 15:00:00+00:00,10.453501,0.0,0.0,0.0,10.953501,4.7657523,1011.39124,6.0,78.932205,0.0
2025-05-24 16:00:00+00:00,11.6035,0.0,0.0,0.0,12.6035,3.06,1011.32086,4.0,76.45569,0.0
2025-05-24 17:00:00+00:00,12.903501,0.0,0.0,0.0,14.6035,2.3469129,1010.85706,4.0,73.86622,0.0
2025-05-24 18:00:00+00:00,14.403501,0.0,0.0,0.0,16.6535,3.148714,1010.6955,89.0,68.841675,3.0
2025-05-24 19:00:00+00:00,16.053501,0.0,0.0,0.0,18.7035,2.19718,1010.14,100.0,60.676296,3.0
2025-05-24 20:00:00+00:00,17.5035,0.0,0.0,0.0,20.5035,2.6758924,1009.67865,81.0,52.773132,3.0
2025-05-24 21:00:00+00:00,18.9035,0.0,0.0,0.0,22.0035,1.4512063,1009.2153,70.0,44.676613,2.0
2025-05-24 22:00:00+00:00,20.1535,0.0,0.0,0.0,23.1035,3.01735,1008.7485,79.0,40.9138,2.0
2025-05-24 23:00:00+00:00,21.0035,0.0,0.0,0.0,23.553501,5.634891,1008.0732,0.0,41.43812,0.0
2025-05-25 00:00:00+00:00,21.4535,0.0,0.0,0.0,23.5035,7.729527,1007.58734,0.0,42.56626,0.0
2025-05-25 01:00:00+00:00,21.5035,0.0,0.0,0.0,23.2035,8.714677,1006.89307,0.0,42.14905,0.0
2025-05-25 02:00:00+00:00,20.6035,0.0,0.0,0.0,22.2535,8.227004,1006.5742,26.0,48.797665,1.0
2025-05-25 03:00:00+00:00,17.3535,0.0,0.0,0.0,20.7035,17.363237,1006.4969,10.0,61.188236,0.0
2025-05-25 04:00:00+00:00,14.653501,0.0,0.0,0.0,18.803501,16.601036,1006.63025,47.0,62.01507,1.0
2025-05-25 05:00:00+00:00,13.403501,0.0,0.0,0.0,17.053501,11.734564,1006.99677,75.0,66.33639,2.0
2025-05-25 06:00:00+00:00,12.5535,0.0,0.0,0.0,15.703501,3.2599385,1007.67065,30.0,78.708,1.0
2025-05-25 07:00:00+00:00,12.203501,0.0,0.0,0.0,14.5535,1.8089776,1008.0594,6.0,78.3903,0.0
2025-05-25 08:00:00+00:00,12.1035,0.0,0.0,0.0,13.5535,2.5772076,1008.05676,1.0,78.37522,0.0
2025-05-25 09:00:00+00:00,12.403501,0.0,0.0,0.0,12.8035,6.122647,1008.064,0.0,75.81033,0.0
2025-05-25 10:00:00+00:00,11.5535,0.0,0.0,0.0,12.3535,9.781473,1008.2415,0.0,78.29205,0.0
2025-05-25 11:00:00+00:00,10.903501,0.0,0.0,0.0,11.903501,9.3669195,1008.3247,0.0,79.269,0.0
2025-05-25 12:00:00+00:00,10.5535,0.0,0.0,0.0,11.5035,10.805999,1008.31573,89.0,78.947044,3.0
2025-05-25 13:00:00+00:00,10.3535,0.0,0.0,0.0,11.453501,11.375658,1008.41,100.0,81.944824,3.0
2025-05-25 14:00:00+00:00,10.953501,0.0,0.0,0.0,11.653501,13.619471,1008.8223,98.0,78.73693,3.0
2025-05-25 15:00:00+00:00,12.0035,0.0,0.0,0.0,12.453501,13.775586,1009.04724,98.0,75.743904,3.0
2025-05-25 16:00:00+00:00,13.653501,0.0,0.0,0.0,13.8535,14.761098,1009.386,99.0,69.393196,3.0
2025-05-25 17:00:00+00:00,15.1035,0.0,0.0,0.0,15.5035,14.311981,1009.1238,97.0,63.39901,3.0
2025-05-25 18:00:00+00:00,17.2535,0.0,0.0,0.0,17.4535,12.189602,1008.67957,90.0,54.904556,3.0
2025-05-25 19:00:00+00:00,18.303501,0.0,0.0,0.0,19.1035,13.3649235,1008.30725,100.0,51.74184,3.0
2025-05-25 20:00:00+00:00,18.803501,0.0,0.0,0.0,20.7035,13.282243,1007.9221,97.0,51.52512,3.0
2025-05-25 21:00:00+00:00,19.803501,0.0,0.0,0.0,21.9035,15.299999,1007.44916,100.0,48.744457,3.0
2025-05-25 22:00:00+00:00,20.3535,0.0,0.0,0.0,22.4535,15.787753,1006.9656,100.0,47.432964,3.0
2025-05-25 23:00:00+00:00,20.7035,0.0,0.0,0.0,22.6035,15.22783,1006.77515,100.0,45.488075,3.0
2025-05-26 00:00:00+00:00,20.803501,0.0,0.0,0.0,22.6535,14.50983,1006.2807,100.0,43.70129,3.0
2025-05-26 01:00:00+00:00,19.2035,0.0,0.0,0.0,21.3535,15.233148,1006.9384,100.0,46.161137,3.0
2025-05-26 02:00:00+00:00,17.9535,0.0,0.0,0.0,20.4535,13.690654,1007.2066,100.0,49.408154,3.0
2025-05-26 03:00:00+00:00,16.553501,0.0,0.0,0.0,19.2535,13.830749,1007.47076,100.0,57.201263,3.0
2025-05-26 04:00:00+00:00,15.6035,0.0,0.0,0.0,18.0035,13.830749,1007.6463,98.0,62.658768,3.0
2025-05-26 05:00:00+00:00,14.703501,0.0,0.0,0.0,16.803501,13.433838,1008.3196,98.0,65.94111,3.0
2025-05-26 06:00:00+00:00,13.5535,0.0,0.0,0.0,15.7535,13.213765,1008.39044,100.0,68.20368,3.0
2025-05-26 07:00:00+00:00,13.0535,0.0,0.0,0.0,14.953501,11.177405,1008.9738,100.0,71.186104,3.0
2025-05-26 08:00:00+00:00,12.903501,0.0,0.0,0.0,14.3535,12.525207,1009.36755,100.0,73.11859,3.0
2025-05-26 09:00:00+00:00,12.6035,0.1,0.0,0.0,14.0035,11.35285,1009.36005,100.0,77.137215,51.0
2025-05-26 10:00:00+00:00,12.3535,0.1,0.0,0.0,13.653501,10.564942,1009.45294,100.0,80.01717,51.0
2025-05-26 11:00:00+00:00,12.203501,0.0,0.0,0.0,13.403501,11.157097,1009.4495,100.0,82.18222,3.0
2025-05-26 12:00:00+00:00,12.3035,0.0,0.0,0.0,13.203501,12.267762,1009.45166,100.0,83.02767,3.0
2025-05-26 13:00:00+00:00,12.653501,0.2,0.0,0.0,13.5535,15.763107,1009.6591,100.0,85.03777,51.0
2025-05-26 14:00:00+00:00,12.6035,0.1,0.0,0.0,13.403501,16.189995,1010.0551,96.0,86.46331,51.0
2025-05-26 15:00:00+00:00,12.8535,0.2,0.0,0.0,13.5035,14.766584,1010.6572,79.0,86.48799,51.0
2025-05-26 16:00:00+00:00,13.7535,0.1,0.0,0.0,14.0535,18.162169,1011.0766,83.0,81.28881,51.0
2025-05-26 17:00:00+00:00,14.703501,0.1,0.0,0.0,15.0035,16.895088,1011.69586,61.0,74.92792,51.0
2025-05-26 18:00:00+00:00,15.453501,0.0,0.0,0.0,16.053501,13.926464,1012.3101,41.0,67.90451,1.0
2025-05-26 19:00:00+00:00,16.803501,0.0,0.0,0.0,17.6035,14.578888,1012.8394,29.0,53.67824,1.0
2025-05-26 20:00:00+00:00,18.0035,0.0,0.0,0.0,19.2535,16.50218,1012.7693,57.0,45.66788,2.0
2025-05-26 21:00:00+00:00,18.8535,0.0,0.0,0.0,20.3535,19.171478,1012.78955,74.0,39.427624,2.0
2025-05-26 22:00:00+00:00,19.4535,0.0,0.0,0.0,21.2535,19.453327,1013.20123,40.0,36.038895,1.0
2025-05-26 23:00:00+00:00,19.5035,0.0,0.0,0.0,21.7035,16.176983,1013.50037,44.0,35.425858,1.0
2025-05-27 00:00:00+00:00,18.9535,0.0,0.0,0.0,22.053501,9.67657,1013.58636,87.0,33.087452,3.0
2025-05-27 01:00:00+00:00,16.6035,0.0,0.0,0.0,21.553501,13.896187,1014.3242,100.0,50.935135,3.0
2025-05-27 02:00:00+00:00,15.5035,0.0,0.0,0.0,20.2535,12.440851,1014.4961,97.0,53.520638,3.0
2025-05-27 03:00:00+00:00,14.8035,0.0,0.0,0.0,18.8535,9.505977,1014.97546,100.0,54.268093,3.0
2025-05-27 04:00:00+00:00,13.5035,0.0,0.0,0.0,17.2535,8.557102,1015.53906,99.0,59.239185,3.0
2025-05-27 05:00:00+00:00,12.8035,0.0,0.0,0.0,15.9035,6.1858225,1016.3159,86.0,62.00827,3.0
2025-05-27 06:00:00+00:00,11.903501,0.0,0.0,0.0,14.653501,3.396233,1016.4919,100.0,70.23829,3.0
2025-05-27 07:00:00+00:00,11.653501,0.0,0.0,0.0,13.703501,3.0758414,1016.8827,96.0,72.891556,3.0
2025-05-27 08:00:00+00:00,11.5535,0.0,0.0,0.0,12.903501,3.572898,1017.1781,100.0,72.37491,3.0
2025-05-27 09:00:00+00:00,11.6035,0.0,0.0,0.0,12.3535,3.7064266,1017.3778,100.0,70.9075,3.0
2025-05-27 10:00:00+00:00,10.953501,0.0,0.0,0.0,11.8035,3.219938,1017.3616,83.0,74.53743,3.0
2025-05-27 11:00:00+00:00,10.2535,0.0,0.0,0.0,11.153501,3.4763772,1017.443,99.0,79.17375,3.0
2025-05-27 12:00:00+00:00,9.8535,0.0,0.0,0.0,10.6035,3.4623692,1017.0357,100.0,82.725876,3.0
2025-05-27 13:00:00+00:00,10.3535,0.0,0.0,0.0,11.5035,5.6521144,1017.34625,100.0,83.639015,3.0
2025-05-27 14:00:00+00:00,10.953501,0.0,0.0,0.0,11.7535,4.7657523,1017.56024,82.0,79.0062,3.0
2025-05-27 15:00:00+00:00,11.8535,0.0,0.0,0.0,12.653501,4.6834598,1017.48346,100.0,74.18517,3.0
2025-05-27 16:00:00+00:00,13.203501,0.0,0.0,0.0,14.2535,5.637765,1017.418,19.0,67.899345,0.0
2025-05-27 17:00:00+00:00,14.7535,0.0,0.0,0.0,16.303501,6.320538,1017.05945,60.0,60.365917,2.0
2025-05-27 18:00:00+00:00,16.303501,0.0,0.0,0.0,18.5035,7.3469996,1016.60095,100.0,54.47232,3.0
2025-05-27 19:00:00+00:00,17.5035,0.0,0.0,0.0,20.553501,8.534353,1015.8358,97.0,49.624645,3.0
2025-05-27 20:00:00+00:00,18.6035,0.0,0.0,0.0,22.3535,9.734987,1015.06775,94.0,45.055023,3.0
2025-05-27 21:00:00+00:00,19.6535,0.0,0.0,0.0,23.803501,11.090103,1014.09973,99.0,38.705914,3.0
2025-05-27 22:00:00+00:00,20.4535,0.0,0.0,0.0,24.803501,11.989945,1013.22473,99.0,35.20484,3.0
2025-05-27 23:00:00+00:00,20.803501,0.0,0.0,0.0,25.2035,13.218668,1012.1404,99.0,35.55232,3.0
2025-05-28 00:00:00+00:00,20.3535,0.0,0.0,0.0,25.053501,15.122143,1011.1368,100.0,42.39988,3.0
2025-05-28 01:00:00+00:00,20.1535,0.0,0.0,0.0,24.803501,15.922624,1010.13885,99.0,40.77324,3.0
2025-05-28 02:00:00+00:00,19.1535,0.0,0.0,0.0,23.8535,14.411245,1009.42004,63.0,43.08663,2.0
2025-05-28 03:00:00+00:00,18.1035,0.0,0.0,0.0,22.4035,12.0720825,1008.8984,3.0,47.295612,0.0
2025-05-28 04:00:00+00:00,16.803501,0.0,0.0,0.0,20.7035,11.749741,1008.66846,0.0,51.164616,0.0
2025-05-28 05:00:00+00:00,15.703501,0.0,0.0,0.0,19.1535,12.825552,1008.5425,0.0,53.573334,0.0
2025-05-28 06:00:00+00:00,15.153501,0.0,0.0,0.0,17.9035,13.31635,1008.0327,0.0,55.11515,0.0
2025-05-28 07:00:00+00:00,14.703501,0.0,0.0,0.0,16.8535,11.503113,1007.62445,0.0,56.930862,0.0
2025-05-28 08:00:00+00:00,14.153501,0.0,0.0,0.0,16.0035,11.612441,1007.015,0.0,59.194195,0.0
2025-05-28 09:00:00+00:00,13.703501,0.0,0.0,0.0,15.2535,11.103243,1006.30896,0.0,60.947647,0.0
2025-05-28 10:00:00+00:00,13.3035,0.0,0.0,0.0,14.6035,10.062305,1005.8026,2.0,64.30033,0.0
2025-05-28 11:00:00+00:00,12.953501,0.0,0.0,0.0,14.0035,7.5685663,1005.29767,0.0,69.01693,0.0
2025-05-28 12:00:00+00:00,12.2535,0.0,0.0,0.0,13.403501,4.278551,1004.88306,2.0,75.78544,0.0
2025-05-28 13:00:00+00:00,11.953501,0.0,0.0,0.0,13.2535,5.8409934,1004.97485,5.0,81.87383,0.0
2025-05-28 14:00:00+00:00,12.403501,0.0,0.0,0.0,13.5035,5.495161,1005.08514,13.0,84.4434,0.0
2025-05-28 15:00:00+00:00,13.8535,0.0,0.0,0.0,14.703501,2.7943513,1004.9224,3.0,78.63681,0.0
2025-05-28 16:00:00+00:00,16.1035,0.0,0.0,0.0,16.6535,3.219938,1004.9773,3.0,71.048904,0.0
2025-05-28 17:00:00+00:00,18.9035,0.0,0.0,0.0,19.053501,5.3517847,1005.14343,0.0,58.55972,0.0
2025-05-28 18:00:00+00:00,22.553501,0.0,0.0,0.0,21.7035,8.049845,1005.12994,0.0,45.847095,0.0
2025-05-28 19:00:00+00:00,25.4535,0.0,0.0,0.0,24.3535,12.819235,1004.99744,0.0,33.782967,0.0
2025-05-28 20:00:00+00:00,26.5035,0.0,0.0,0.0,26.4035,16.928614,1005.12085,0.0,29.65876,0.0
2025-05-28 21:00:00+00:00,27.3535,0.0,0.0,0.0,28.0035,18.080818,1004.7423,0.0,32.092884,0.0
2025-05-28 22:00:00+00:00,27.2035,0.0,0.0,0.0,29.0035,18.968449,1004.8385,0.0,34.85277,0.0
2025-05-28 23:00:00+00:00,26.553501,0.0,0.0,0.0,29.4535,17.072504,1005.02234,0.0,34.78639,0.0
2025-05-29 00:00:00+00:00,25.7535,0.0,0.0,0.0,29.303501,16.530626,1005.00433,0.0,35.385376,0.0
2025-05-29 01:00:00+00:00,25.7535,0.0,0.0,0.0,29.1035,18.278645,1004.01105,0.0,34.444443,0.0
2025-05-29 02:00:00+00:00,23.6535,0.0,0.0,0.0,27.9535,17.629896,1004.4599,0.0,40.9332,0.0
2025-05-29 03:00:00+00:00,21.2035,0.0,0.0,0.0,26.1535,19.386591,1004.99915,0.0,47.986664,0.0
2025-05-29 04:00:00+00:00,18.1035,0.0,0.0,0.0,23.9535,20.917982,1005.5218,11.0,54.38354,0.0
2025-05-29 05:00:00+00:00,15.403501,0.0,0.0,0.0,21.803501,22.723528,1006.94635,32.0,67.21324,1.0
2025-05-29 06:00:00+00:00,13.653501,0.0,0.0,0.0,19.8535,21.881662,1008.19434,31.0,77.56159,1.0
2025-05-29 07:00:00+00:00,13.403501,0.0,0.0,0.0,18.3535,19.523155,1009.0821,58.0,79.0982,2.0
2025-05-29 08:00:00+00:00,13.5035,0.0,0.0,0.0,17.303501,20.719555,1010.0776,85.0,78.584854,3.0
2025-05-29 09:00:00+00:00,13.653501,0.0,0.0,0.0,16.6035,19.803272,1010.5776,51.0,77.82182,2.0
2025-05-29 10:00:00+00:00,13.653501,0.0,0.0,0.0,15.953501,15.3264475,1010.5776,100.0,78.082825,3.0
2025-05-29 11:00:00+00:00,13.453501,0.0,0.0,0.0,15.5035,14.059602,1010.47345,100.0,79.636665,3.0
2025-05-29 12:00:00+00:00,13.153501,0.0,0.0,0.0,15.1035,12.303366,1010.36664,100.0,81.20938,3.0
2025-05-29 13:00:00+00:00,13.2535,1.1,0.0,0.0,15.1035,13.926464,1010.2699,100.0,84.538475,55.0
2025-05-29 14:00:00+00:00,12.953501,0.7,0.0,0.0,14.6035,14.465102,1010.4611,97.0,88.825966,53.0
2025-05-29 15:00:00+00:00,13.3035,0.2,0.0,0.0,14.6035,13.701299,1010.8668,100.0,87.107796,51.0
2025-05-29 16:00:00+00:00,13.653501,0.7,0.0,0.0,14.8035,13.722565,1011.2727,89.0,84.86383,53.0
2025-05-29 17:00:00+00:00,14.5535,0.9,0.0,0.0,15.3535,15.655862,1011.89075,85.0,82.47734,53.0
2025-05-29 18:00:00+00:00,15.2535,1.8,0.0,0.0,15.6535,17.202011,1012.603,100.0,80.68447,61.0
2025-05-29 19:00:00+00:00,15.7535,0.2,0.0,0.0,16.303501,18.11841,1013.2112,67.0,76.35668,51.0
2025-05-29 20:00:00+00:00,17.8535,0.0,0.0,0.0,17.5035,12.124307,1013.6593,14.0,66.83208,0.0
2025-05-29 21:00:00+00:00,18.4035,0.7,0.0,0.0,19.3535,4.7657523,1014.3678,38.0,60.42009,53.0
2025-05-29 22:00:00+00:00,16.3535,0.0,0.0,0.0,19.9535,22.065973,1014.914,9.0,59.12518,0.0
2025-05-29 23:00:00+00:00,17.1035,0.0,0.0,0.0,20.3535,20.212965,1015.3294,1.0,58.315594,0.0
2025-05-30 00:00:00+00:00,17.1535,0.0,0.0,0.0,20.4035,18.337044,1015.42993,21.0,53.769794,1.0
2025-05-30 01:00:00+00:00,16.4035,0.0,0.0,0.0,20.053501,13.799087,1016.2062,4.0,56.007603,0.0
2025-05-30 02:00:00+00:00,16.1035,0.0,0.0,0.0,19.3535,13.3649235,1016.19885,1.0,52.945663,0.0
2025-05-30 03:00:00+00:00,15.0535,0.0,0.0,0.0,18.1535,11.521406,1016.471,3.0,56.82366,0.0
2025-05-30 04:00:00+00:00,13.953501,0.0,0.0,0.0,16.7035,6.522361,1016.7419,6.0,63.13681,0.0
2025-05-30 05:00:00+00:00,13.153501,0.0,0.0,0.0,15.403501,7.674842,1017.5161,3.0,66.28259,0.0
2025-05-30 06:00:00+00:00,12.203501,0.0,0.0,0.0,14.403501,9.109138,1017.989,4.0,69.10172,0.0
2025-05-30 07:00:00+00:00,11.5535,0.0,0.0,0.0,13.5535,9.686609,1018.171,0.0,69.927956,0.0
2025-05-30 08:00:00+00:00,10.953501,0.0,0.0,0.0,12.8035,9.693296,1017.9573,6.0,72.01439,0.0
2025-05-30 09:00:00+00:00,10.5035,0.0,0.0,0.0,12.203501,7.186487,1017.3501,4.0,75.75288,0.0
2025-05-30 10:00:00+00:00,9.903501,0.0,0.0,0.0,11.5535,3.4623692,1017.33484,0.0,82.44935,0.0
2025-05-30 11:00:00+00:00,10.403501,0.0,0.0,0.0,11.0535,5.3426957,1017.7448,0.0,80.01372,0.0
2025-05-30 12:00:00+00:00,10.153501,0.0,0.0,0.0,10.703501,4.91634,1017.53986,0.0,83.046394,0.0
2025-05-30 13:00:00+00:00,9.8535,0.0,0.0,0.0,11.2535,4.991553,1017.53217,3.0,84.15302,0.0
2025-05-30 14:00:00+00:00,10.3535,0.0,0.0,0.0,11.5535,5.2478566,1017.5449,0.0,80.832275,0.0
2025-05-30 15:00:00+00:00,11.3535,0.0,0.0,0.0,12.6035,4.7657523,1017.27216,3.0,76.938675,0.0
2025-05-30 16:00:00+00:00,12.703501,0.0,0.0,0.0,14.2535,3.4388947,1016.9092,0.0,72.09492,0.0
2025-05-30 17:00:00+00:00,14.203501,0.0,0.0,0.0,16.2035,4.510787,1016.5493,4.0,65.38653,0.0
2025-05-30 18:00:00+00:00,15.953501,0.0,0.0,0.0,18.2535,5.0432134,1016.49304,88.0,58.62751,3.0
2025-05-30 19:00:00+00:00,17.6035,0.0,0.0,0.0,20.4035,4.1125174,1016.33466,29.0,53.340908,1.0
2025-05-30 20:00:00+00:00,19.4535,0.0,0.0,0.0,22.3535,3.462369,1016.0813,22.0,44.52541,1.0
2025-05-30 21:00:00+00:00,21.2535,0.0,0.0,0.0,24.053501,3.2399998,1015.42883,4.0,37.711098,0.0
2025-05-30 22:00:00+00:00,22.3535,0.0,0.0,0.0,25.303501,4.278551,1014.66,0.0,33.59552,0.0
2025-05-30 23:00:00+00:00,23.1535,0.0,0.0,0.0,26.0035,5.5887027,1013.78485,4.0,31.34534,0.0
2025-05-31 00:00:00+00:00,23.053501,0.0,0.0,0.0,25.9535,10.429132,1013.18634,2.0,33.678852,0.0
2025-05-31 01:00:00+00:00,21.7535,0.0,0.0,0.0,24.4035,12.860871,1012.3617,78.0,35.455456,2.0
2025-05-31 02:00:00+00:00,20.0035,0.0,0.0,0.0,23.2035,13.976394,1011.8237,100.0,38.94129,3.0
2025-05-31 03:00:00+00:00,18.053501,0.0,0.0,0.0,21.5035,13.397612,1011.57855,100.0,47.771244,3.0
2025-05-31 04:00:00+00:00,16.6535,0.0,0.0,0.0,19.9035,11.9140415,1011.1477,100.0,50.25167,3.0
2025-05-31 05:00:00+00:00,16.0035,0.0,0.0,0.0,18.5035,9.919618,1011.1318,99.0,50.597416,3.0
2025-05-31 06:00:00+00:00,15.453501,0.0,0.0,0.0,17.303501,9.56713,1011.11847,99.0,53.32303,3.0
2025-05-31 07:00:00+00:00,14.653501,0.0,0.0,0.0,16.303501,10.829959,1011.2975,92.0,57.114735,3.0
2025-05-31 08:00:00+00:00,13.903501,0.0,0.0,0.0,15.453501,10.717182,1011.4776,94.0,63.34193,3.0
2025-05-31 09:00:00+00:00,13.403501,0.0,0.0,0.0,14.7535,10.195057,1011.36597,28.0,65.210945,1.0
2025-05-31 10:00:00+00:00,12.953501,0.0,0.0,0.0,14.0535,8.574123,1010.95764,69.0,64.88814,2.0
2025-05-31 11:00:00+00:00,12.453501,0.0,0.0,0.0,13.5035,4.143911,1010.4484,99.0,69.866455,3.0
2025-05-31 12:00:00+00:00,12.5035,0.0,0.0,0.0,13.0035,4.9785542,1010.0526,96.0,68.68992,3.0
2025-05-31 13:00:00+00:00,12.3535,0.0,0.0,0.0,12.8035,6.9899354,1010.1481,37.0,63.424034,1.0
2025-05-31 14:00:00+00:00,13.1035,0.0,0.0,0.0,13.2535,7.029225,1010.8618,41.0,61.864628,1.0
2025-05-31 15:00:00+00:00,14.0535,0.0,0.0,0.0,14.2535,4.452954,1011.3818,77.0,54.638813,2.0
2025-05-31 16:00:00+00:00,14.8535,0.0,0.0,0.0,15.6035,6.5520988,1012.1958,65.0,47.70994,2.0
2025-05-31 17:00:00+00:00,15.453501,0.0,0.0,0.0,16.9535,8.311245,1012.70734,91.0,57.120148,3.0
2025-05-31 18:00:00+00:00,14.953501,0.0,0.0,0.0,17.8535,11.003581,1013.0922,100.0,71.30638,3.0
2025-05-31 19:00:00+00:00,14.1035,0.1,0.0,0.0,17.6035,7.0911775,1014.1635,100.0,74.076744,51.0
2025-05-31 20:00:00+00:00,14.703501,0.6,0.0,0.0,17.6035,8.528657,1013.9798,100.0,70.54467,53.0
2025-05-31 21:00:00+00:00,14.7535,0.3,0.0,0.0,17.3535,13.661038,1014.4776,100.0,71.50807,51.0
2025-05-31 22:00:00+00:00,14.3035,0.2,0.0,0.0,17.4035,11.503113,1014.7644,100.0,73.1239,51.0
2025-05-31 23:00:00+00:00,15.3035,0.0,0.0,0.0,18.2535,12.972494,1014.8882,45.0,69.72032,1.0
2025-06-01 00:00:00+00:00,15.3035,0.0,0.0,0.0,18.7035,14.915039,1014.78894,78.0,68.56102,2.0
2025-06-01 01:00:00+00:00,14.3035,0.0,0.0,0.0,17.9035,13.5515,1015.16156,84.0,74.36036,3.0
2025-06-01 02:00:00+00:00,13.7535,0.0,0.0,0.0,17.2035,12.830604,1015.44574,100.0,73.02489,3.0
2025-06-01 03:00:00+00:00,13.2535,0.1,0.0,0.0,16.303501,10.548061,1016.02924,29.0,71.224236,51.0
2025-06-01 04:00:00+00:00,12.5035,0.0,0.0,0.0,15.2535,12.652604,1016.4076,15.0,70.11581,0.0
2025-06-01 05:00:00+00:00,11.5535,0.0,0.0,0.0,14.203501,13.229693,1016.97943,18.0,74.64152,0.0
2025-06-01 06:00:00+00:00,11.1035,0.0,0.0,0.0,13.3535,11.844492,1017.1669,21.0,78.22368,1.0
2025-06-01 07:00:00+00:00,10.903501,0.0,0.0,0.0,12.703501,10.062305,1017.45966,5.0,80.9072,0.0
2025-06-01 08:00:00+00:00,10.5535,0.0,0.0,0.0,12.153501,6.015878,1017.74854,3.0,84.52021,0.0
2025-06-01 09:00:00+00:00,10.3535,0.0,0.0,0.0,11.653501,3.8521678,1018.1406,32.0,87.12043,1.0
2025-06-01 10:00:00+00:00,10.5535,0.0,0.0,0.0,11.403501,4.2671766,1018.1457,27.0,87.73113,1.0
2025-06-01 11:00:00+00:00,10.3035,0.0,0.0,0.0,10.953501,5.0432134,1018.3379,4.0,87.411575,0.0
2025-06-01 12:00:00+00:00,10.0035,0.0,0.0,0.0,10.5535,5.426933,1018.52893,2.0,88.57859,0.0
2025-06-01 13:00:00+00:00,10.1035,0.0,0.0,0.0,10.453501,4.8466477,1019.1272,8.0,88.88789,0.0
2025-06-01 14:00:00+00:00,11.0035,0.0,0.0,0.0,10.953501,5.2416787,1019.746,6.0,85.72271,0.0
2025-06-01 15:00:00+00:00,12.1035,0.0,0.0,0.0,12.153501,6.384293,1019.9723,3.0,78.37522,0.0
2025-06-01 16:00:00+00:00,13.203501,0.0,0.0,0.0,13.653501,9.243311,1020.0992,2.0,65.84071,0.0
2025-06-01 17:00:00+00:00,13.953501,0.0,0.0,0.0,15.153501,9.6480665,1019.8202,8.0,61.217293,0.0
2025-06-01 18:00:00+00:00,14.7535,0.0,0.0,0.0,16.6035,10.137692,1019.6414,59.0,57.139973,2.0
2025-06-01 19:00:00+00:00,15.153501,0.0,0.0,0.0,17.4535,10.134496,1019.15485,37.0,55.68782,1.0
2025-06-01 20:00:00+00:00,15.703501,0.0,0.0,0.0,18.7535,11.043261,1018.87024,9.0,52.83959,0.0
2025-06-01 21:00:00+00:00,16.0035,0.0,0.0,0.0,19.6535,10.3480425,1018.679,2.0,50.948643,0.0
2025-06-01 22:00:00+00:00,16.7035,0.0,0.0,0.0,20.7035,10.63372,1018.299,1.0,47.232437,0.0
2025-06-01 23:00:00+00:00,16.9535,0.0,0.0,0.0,21.2035,10.981475,1018.1065,2.0,45.53031,0.0
2025-06-02 00:00:00+00:00,17.1035,0.0,0.0,0.0,21.303501,11.705537,1017.3156,0.0,44.32147,0.0
2025-06-02 01:00:00+00:00,17.2535,0.0,0.0,0.0,21.2035,9.178235,1017.22015,2.0,40.64845,0.0
2025-06-02 02:00:00+00:00,16.5035,0.0,0.0,0.0,20.303501,13.558673,1017.2016,1.0,44.61677,0.0
2025-06-02 03:00:00+00:00,15.3535,0.0,0.0,0.0,18.9035,10.920824,1017.37213,1.0,51.304165,0.0
2025-06-02 04:00:00+00:00,14.1035,0.0,0.0,0.0,17.2035,6.7757506,1017.53973,0.0,58.775257,0.0
2025-06-02 05:00:00+00:00,13.453501,0.0,0.0,0.0,15.6535,7.5942082,1018.11957,0.0,59.63836,0.0
2025-06-02 06:00:00+00:00,12.653501,0.0,0.0,0.0,14.5035,7.120815,1018.3973,0.0,64.375824,0.0
2025-06-02 07:00:00+00:00,11.7535,0.0,0.0,0.0,13.453501,4.8965297,1018.1761,0.0,72.164215,0.0
2025-06-02 08:00:00+00:00,10.7535,0.0,0.0,0.0,12.5035,2.8174455,1018.4487,1.0,79.79035,0.0
2025-06-02 09:00:00+00:00,10.453501,0.0,0.0,0.0,11.653501,1.2074767,1018.34174,23.0,81.67854,1.0
2025-06-02 10:00:00+00:00,10.5535,0.0,0.0,0.0,10.953501,3.5455887,1018.245,92.0,81.97071,3.0
2025-06-02 11:00:00+00:00,10.203501,0.0,0.0,0.0,10.5535,4.5536795,1018.4346,68.0,84.19334,2.0
2025-06-02 12:00:00+00:00,9.6035,0.0,0.0,0.0,10.0535,4.2366967,1018.1215,70.0,85.283394,2.0
2025-06-02 13:00:00+00:00,10.0035,0.0,0.0,0.0,10.1035,3.01735,1018.33026,99.0,91.320274,3.0
2025-06-02 14:00:00+00:00,10.903501,0.0,0.0,0.0,10.653501,4.0249224,1018.254,99.0,84.84645,3.0
2025-06-02 15:00:00+00:00,11.3035,0.0,0.0,0.0,11.3535,5.0432134,1018.5618,21.0,78.521194,1.0
2025-06-02 16:00:00+00:00,13.3535,0.0,0.0,0.0,13.5035,6.048107,1018.81213,3.0,66.55283,0.0
2025-06-02 17:00:00+00:00,15.0035,0.0,0.0,0.0,15.7535,8.027677,1018.55505,4.0,57.399876,0.0
2025-06-02 18:00:00+00:00,16.2535,0.0,0.0,0.0,17.9535,11.793777,1018.28796,1.0,52.082146,0.0
2025-06-02 19:00:00+00:00,16.9535,0.0,0.0,0.0,19.8535,13.896187,1018.2059,0.0,47.96138,0.0
2025-06-02 20:00:00+00:00,17.6035,0.0,0.0,0.0,21.6035,13.433838,1017.9236,0.0,44.00242,0.0
2025-06-02 21:00:00+00:00,18.1535,0.0,0.0,0.0,22.9035,13.491597,1017.639,0.0,40.481407,0.0
2025-06-02 22:00:00+00:00,18.7535,0.0,0.0,0.0,23.9035,14.332341,1017.15674,0.0,36.86089,0.0
2025-06-02 23:00:00+00:00,18.9035,0.0,0.0,0.0,24.303501,14.917212,1016.86237,0.0,33.785797,0.0
2025-06-03 00:00:00+00:00,18.6535,0.0,0.0,0.0,24.1535,14.33347,1016.7574,1.0,35.42968,0.0
2025-06-03 01:00:00+00:00,19.3535,0.0,0.0,0.0,23.8535,12.841963,1015.9794,3.0,31.478262,0.0
2025-06-03 02:00:00+00:00,19.0035,0.0,0.0,0.0,23.0035,11.901798,1015.5738,5.0,30.272917,0.0
2025-06-03 03:00:00+00:00,17.6535,0.0,0.0,0.0,21.6035,12.431734,1015.6407,12.0,38.8064,0.0
2025-06-03 04:00:00+00:00,15.8535,0.0,0.0,0.0,19.8535,11.032987,1015.79565,8.0,48.831776,0.0
2025-06-03 05:00:00+00:00,14.8035,0.0,0.0,0.0,18.2035,10.4166975,1016.2664,0.0,52.053932,0.0
2025-06-03 06:00:00+00:00,14.0035,0.0,0.0,0.0,16.803501,10.730778,1016.5445,14.0,54.62573,0.0
2025-06-03 07:00:00+00:00,13.2535,0.0,0.0,0.0,15.6535,9.396275,1016.8236,0.0,58.972786,0.0
2025-06-03 08:00:00+00:00,12.5535,0.0,0.0,0.0,14.653501,7.7650757,1016.9053,12.0,65.02308,0.0
2025-06-03 09:00:00+00:00,11.653501,0.0,0.0,0.0,13.703501,4.3498964,1016.7834,21.0,71.89838,1.0
2025-06-03 10:00:00+00:00,11.153501,0.0,0.0,0.0,12.7535,3.536439,1016.771,61.0,75.861275,2.0
2025-06-03 11:00:00+00:00,10.8535,0.0,0.0,0.0,12.0535,3.7842832,1016.96185,70.0,78.72201,2.0
2025-06-03 12:00:00+00:00,10.6035,0.0,0.0,0.0,11.453501,4.278551,1016.95544,100.0,80.86638,3.0
2025-06-03 13:00:00+00:00,10.8535,0.0,0.0,0.0,10.8035,3.7064266,1017.25977,97.0,81.453255,3.0
2025-06-03 14:00:00+00:00,11.903501,0.0,0.0,0.0,11.403501,5.48631,1017.4848,52.0,72.192184,2.0
2025-06-03 15:00:00+00:00,13.3035,0.0,0.0,0.0,12.903501,5.796447,1017.7185,30.0,63.64093,1.0
2025-06-03 16:00:00+00:00,14.8035,0.0,0.0,0.0,15.0535,6.444905,1017.756,0.0,56.56509,0.0
2025-06-03 17:00:00+00:00,16.1035,0.0,0.0,0.0,17.553501,7.289444,1017.68854,0.0,51.328983,0.0
2025-06-03 18:00:00+00:00,17.3535,0.0,0.0,0.0,20.1535,7.519175,1017.3216,0.0,46.27994,0.0
2025-06-03 19:00:00+00:00,18.3535,0.0,0.0,0.0,22.7535,6.8989563,1017.048,0.0,42.5628,0.0
2025-06-03 20:00:00+00:00,19.303501,0.0,0.0,0.0,25.1535,5.9617786,1016.67365,0.0,39.419914,0.0
2025-06-03 21:00:00+00:00,20.2535,0.0,0.0,0.0,27.1535,5.8048253,1016.10034,1.0,35.14724,0.0
2025-06-03 22:00:00+00:00,21.1535,0.0,0.0,0.0,28.4535,6.6818557,1015.32684,0.0,31.769619,0.0
2025-06-03 23:00:00+00:00,22.1535,0.0,0.0,0.0,29.2035,6.3231,1014.65515,14.0,29.363827,0.0
2025-06-04 00:00:00+00:00,22.5035,0.0,0.0,,29.2535,9.144637,1013.8689,27.0,29.358976,1.0
2025-06-04 01:00:00+00:00,22.6535,0.0,0.0,,29.053501,6.830519,1013.0778,30.0,29.195274,1.0
2025-06-04 02:00:00+00:00,22.053501,0.0,0.0,,27.803501,10.261579,1012.468,22.0,31.142466,1.0
2025-06-04 03:00:00+00:00,20.9535,0.0,0.0,,26.053501,12.758432,1012.3429,16.0,32.389267,0.0
2025-06-04 04:00:00+00:00,17.4035,0.0,0.0,,23.8535,15.531195,1012.556,29.0,49.257915,1.0
2025-06-04 05:00:00+00:00,14.5035,0.0,0.0,,21.5035,12.966248,1012.98175,1.0,70.03277,0.0
2025-06-04 06:00:00+00:00,13.6035,0.0,0.0,,19.6035,6.248359,1013.2574,29.0,77.553856,1.0
2025-06-04 07:00:00+00:00,13.6035,0.0,0.0,,18.1535,4.68,1013.65454,25.0,78.3371,1.0
2025-06-04 08:00:00+00:00,13.6035,0.0,0.0,,17.053501,5.4744864,1013.75385,28.0,79.12731,1.0
2025-06-04 09:00:00+00:00,13.703501,0.0,0.0,,16.303501,5.00128,1013.45856,45.0,78.61457,1.0
2025-06-04 10:00:00+00:00,13.7535,0.0,0.0,,15.8535,4.452954,1013.3605,99.0,77.57706,3.0
2025-06-04 11:00:00+00:00,13.5535,0.0,0.0,,15.5535,3.381893,1013.4547,100.0,78.855774,3.0
2025-06-04 12:00:00+00:00,13.3535,0.0,0.0,,15.3035,3.5455887,1013.35065,100.0,79.88937,3.0
2025-06-04 13:00:00+00:00,13.0035,0.0,0.0,,14.903501,2.9024127,1013.44104,100.0,79.03982,3.0
2025-06-04 14:00:00+00:00,13.153501,0.0,0.0,,14.953501,3.2048087,1013.4449,100.0,78.00682,3.0
2025-06-04 15:00:00+00:00,13.6035,0.0,0.0,,15.403501,3.4763772,1013.55524,100.0,75.75309,3.0
2025-06-04 16:00:00+00:00,14.1035,0.0,0.0,,16.2035,3.693291,1013.4684,100.0,73.58089,3.0
2025-06-04 17:00:00+00:00,14.8535,0.1,0.0,,17.4035,5.2323985,1013.38745,100.0,68.70066,51.0
2025-06-04 18:00:00+00:00,15.6535,0.0,0.0,,18.8535,4.846648,1013.308,100.0,64.604546,3.0
2025-06-04 19:00:00+00:00,16.553501,0.0,0.0,,20.553501,3.3481934,1013.032,100.0,60.385952,3.0
2025-06-04 20:00:00+00:00,17.303501,0.0,0.0,,21.9035,1.08,1012.9508,100.0,57.002052,3.0
2025-06-04 21:00:00+00:00,18.4535,0.0,0.0,,23.5035,2.8856194,1012.5815,60.0,51.431824,2.0
2025-06-04 22:00:00+00:00,19.553501,0.0,0.0,,25.303501,4.6277857,1012.0116,5.0,48.020905,0.0
2025-06-04 23:00:00+00:00,20.303501,0.0,0.0,,26.5035,3.4623692,1011.6321,10.0,44.611942,0.0
2025-06-05 00:00:00+00:00,20.9535,0.0,0.0,,27.2035,3.8856654,1011.15106,19.0,41.993378,0.0
2025-06-05 01:00:00+00:00,20.1535,0.0,0.0,,26.6035,4.293669,1011.0327,100.0,50.003944,3.0
2025-06-05 02:00:00+00:00,19.9035,0.0,0.0,,25.6535,3.7064266,1010.7288,32.0,51.643467,1.0
2025-06-05 03:00:00+00:00,19.6035,0.0,0.0,,24.4035,3.8183763,1010.6225,20.0,52.967445,1.0
2025-06-05 04:00:00+00:00,18.9535,0.0,0.0,,22.7535,2.7534704,1010.7063,6.0,57.03073,0.0
2025-06-05 05:00:00+00:00,17.9035,0.0,0.0,,21.053501,0.40249225,1011.0785,19.0,67.285194,0.0
2025-06-05 06:00:00+00:00,16.7035,0.0,0.0,,19.7035,6.2613096,1011.34753,40.0,73.308136,1.0
2025-06-05 07:00:00+00:00,15.3035,0.0,0.0,,18.6035,8.723967,1011.61115,15.0,75.529045,0.0
2025-06-05 08:00:00+00:00,14.5035,0.0,0.0,,17.553501,8.825508,1011.6908,23.0,80.31627,1.0
2025-06-05 09:00:00+00:00,14.0035,0.0,0.0,,16.6535,8.4963045,1011.7781,29.0,86.031105,1.0
2025-06-05 10:00:00+00:00,13.5535,0.0,0.0,,15.8535,6.341009,1011.86597,21.0,90.05501,1.0
2025-06-05 11:00:00+00:00,13.0535,0.0,0.0,,15.153501,2.8001428,1011.95276,38.0,90.91498,1.0
2025-06-05 12:00:00+00:00,12.903501,0.0,0.0,,14.5035,2.7238941,1012.1479,46.0,90.0069,1.0
2025-06-05 13:00:00+00:00,13.0035,0.0,0.0,,13.903501,5.072041,1012.2495,20.0,87.659615,1.0
2025-06-05 14:00:00+00:00,13.653501,0.0,0.0,,14.453501,5.983477,1012.66284,15.0,82.36515,0.0
2025-06-05 15:00:00+00:00,14.453501,0.0,0.0,,15.6035,8.099999,1012.8811,26.0,76.40122,1.0
2025-06-05 16:00:00+00:00,15.3535,0.0,0.0,,17.1535,8.731392,1013.0027,38.0,72.10012,1.0
2025-06-05 17:00:00+00:00,17.0035,0.0,0.0,,19.053501,9.422101,1012.6458,48.0,64.901344,1.0
2025-06-05 18:00:00+00:00,18.7035,0.0,0.0,,21.2535,9.292254,1012.1899,28.0,58.316246,1.0
2025-06-05 19:00:00+00:00,19.7035,0.0,0.0,,23.3535,10.5234585,1012.0151,9.0,54.97775,0.0
2025-06-05 20:00:00+00:00,20.4535,0.0,0.0,,25.1535,10.449306,1011.6357,0.0,51.616173,0.0
2025-06-05 21:00:00+00:00,21.5035,0.0,0.0,,26.8535,12.193588,1011.06445,0.0,46.640965,0.0
2025-06-05 22:00:00+00:00,22.303501,0.0,0.0,,28.0035,12.882267,1010.5866,0.0,43.38608,0.0
2025-06-05 23:00:00+00:00,22.553501,0.0,0.0,,28.553501,14.357185,1010.394,3.0,42.875786,0.0
2025-06-06 00:00:00+00:00,22.4035,0.0,0.0,,28.4535,13.262714,1009.9932,39.0,43.560265,1.0
2025-06-06 01:00:00+00:00,22.4035,0.0,0.0,,27.5035,11.966953,1009.59595,10.0,42.83367,0.0
2025-06-06 02:00:00+00:00,21.4035,0.0,0.0,,26.5035,13.644427,1009.6718,100.0,46.457123,3.0
2025-06-06 03:00:00+00:00,19.8535,0.0,0.0,,24.9035,14.221139,1009.93335,100.0,52.15228,3.0
2025-06-06 04:00:00+00:00,18.3535,0.0,0.0,,23.1035,13.184308,1009.9969,100.0,58.4257,3.0
2025-06-06 05:00:00+00:00,17.1535,0.0,0.0,,21.4035,11.594292,1010.16656,99.0,63.223557,3.0
2025-06-06 06:00:00+00:00,16.303501,0.0,0.0,,19.9535,9.807935,1010.3446,100.0,67.62607,3.0
2025-06-06 07:00:00+00:00,15.7535,0.0,0.0,,18.8535,7.689603,1010.232,99.0,70.98253,3.0
2025-06-06 08:00:00+00:00,15.403501,0.0,0.0,,18.0035,5.22,1010.2234,100.0,73.56476,3.0
2025-06-06 09:00:00+00:00,15.0535,0.0,0.0,,17.2535,3.9844694,1010.0163,100.0,75.99111,3.0
2025-06-06 10:00:00+00:00,14.653501,0.0,0.0,,16.5035,5.4029994,1009.8079,100.0,77.97425,3.0
2025-06-06 11:00:00+00:00,14.203501,0.0,0.0,,15.8535,4.942631,1009.89606,100.0,80.00859,3.0
2025-06-06 12:00:00+00:00,13.5035,0.0,0.0,,15.2535,3.644722,1009.9783,55.0,85.41226,2.0
2025-06-06 13:00:00+00:00,14.1035,0.0,0.0,,15.2535,4.942631,1009.89355,100.0,81.60535,3.0
2025-06-06 14:00:00+00:00,14.903501,0.0,0.0,,15.6535,4.846648,1010.1118,84.0,78.53103,3.0
2025-06-06 15:00:00+00:00,16.1535,0.0,0.0,,16.9535,4.829907,1010.3412,100.0,71.7695,3.0
2025-06-06 16:00:00+00:00,17.9035,0.0,0.0,,18.9035,5.9427266,1010.48267,99.0,63.18217,3.0
2025-06-06 17:00:00+00:00,19.1535,0.0,0.0,,21.053501,8.139901,1010.31384,100.0,55.57618,3.0
2025-06-06 18:00:00+00:00,20.2535,0.0,0.0,,23.1535,9.028754,1010.04205,40.0,51.04792,1.0
2025-06-06 19:00:00+00:00,21.8535,0.0,0.0,,25.6535,8.587338,1009.78156,23.0,45.960987,1.0
2025-06-06 20:00:00+00:00,22.7535,0.0,0.0,,27.803501,9.059205,1009.40515,26.0,42.787914,1.0
2025-06-06 21:00:00+00:00,23.803501,0.0,0.0,,29.7535,7.491114,1008.9329,72.0,40.15874,2.0
2025-06-06 22:00:00+00:00,25.0035,0.0,0.0,,31.1535,9.224011,1008.4638,20.0,38.134026,1.0
2025-06-06 23:00:00+00:00,24.9535,0.0,0.0,,31.553501,12.487641,1008.4626,17.0,39.681118,0.0
2025-06-07 00:00:00+00:00,24.2535,0.0,0.0,,31.1035,15.745627,1007.9501,9.0,41.65437,0.0
2025-06-07 01:00:00+00:00,24.303501,0.0,0.0,,30.6535,14.761098,1007.6531,8.0,40.842396,0.0
2025-06-07 02:00:00+00:00,22.803501,0.0,0.0,,29.2035,15.743569,1007.8174,39.0,44.85648,1.0
2025-06-07 03:00:00+00:00,21.1035,0.0,0.0,,27.303501,14.813682,1008.0757,58.0,50.0913,2.0
2025-06-07 04:00:00+00:00,19.4035,0.0,0.0,,25.2035,14.690691,1008.43286,42.0,57.33282,1.0
2025-06-07 05:00:00+00:00,17.8535,0.0,0.0,,23.2535,12.616703,1009.091,75.0,63.59224,2.0
2025-06-07 06:00:00+00:00,17.1035,0.0,0.0,,21.7035,8.373386,1009.3709,99.0,66.67483,3.0
2025-06-07 07:00:00+00:00,16.4035,0.0,0.0,,20.4035,3.710795,1009.9499,100.0,69.472534,3.0
2025-06-07 08:00:00+00:00,15.803501,0.0,0.0,,19.2535,1.7727944,1010.0347,97.0,71.94333,3.0
2025-06-07 09:00:00+00:00,15.403501,0.0,0.0,,18.3535,2.0523157,1010.12415,100.0,74.79733,3.0
2025-06-07 10:00:00+00:00,14.8535,0.0,0.0,,17.5035,1.9134263,1010.2098,99.0,78.00458,3.0
2025-06-07 11:00:00+00:00,14.3035,0.0,0.0,,16.6535,2.0364676,1010.1965,98.0,81.63129,3.0
2025-06-07 12:00:00+00:00,13.8535,0.0,0.0,,15.9035,1.2979984,1010.18536,91.0,84.885605,3.0
2025-06-07 13:00:00+00:00,14.203501,0.0,0.0,,15.3535,5.5450516,1010.6905,99.0,84.08644,3.0
2025-06-07 14:00:00+00:00,14.8035,0.0,0.0,,15.803501,5.8852015,1010.8048,84.0,81.158195,3.0
2025-06-07 15:00:00+00:00,16.0035,0.0,0.0,,17.0035,6.1120534,1010.83386,1.0,75.14663,0.0
2025-06-07 16:00:00+00:00,17.4535,0.0,0.0,,18.9035,8.163749,1011.16693,10.0,65.86883,0.0
2025-06-07 17:00:00+00:00,19.053501,0.0,0.0,,21.053501,9.979859,1011.0068,22.0,58.014214,1.0
2025-06-07 18:00:00+00:00,20.4035,0.0,0.0,,23.2535,12.503199,1010.7409,55.0,52.47168,2.0
2025-06-07 19:00:00+00:00,21.7035,0.0,0.0,,25.4035,13.775586,1010.4733,50.0,47.802475,2.0
2025-06-07 20:00:00+00:00,22.803501,0.0,0.0,,27.303501,15.273505,1010.3004,28.0,43.81859,1.0
